"OrderingID","Concept","NVB-Abar-7","ECL-Abar-8","NEM-Ajumbu-9","KDC-Ajumbu-10","ENB-BIYA-1","ICN-BIYA-2","NNB-Buu-3","MNJ-Buu-4","KHK-FANG-12","DPN-FANG-13","JGY-Koshin-3","TEL-Koshin-4","KCS-Kung-3","NJS-Kung-4","KFK-Mashi-1","BKB-Mashi-2","ABS-Missong-1","AGA-Missong-2","APB-Mumfu-1","DNM-Mumfu-2","NMN-Mundabli-3","CEN-Mundabli-2","NGT-Munken-3","NUN-Munken-4","MCA-Ngun-3","KBM-Ngun-4"
"1","child","wân / átɛ̂ŋmbɪ̂","wân~wàː / bə̀tə᷇ːŋ~tə́ŋə́","wàŋ~wánó / átɔ́ŋbə̄~àtɔ̂ŋ","wáːnə̂ / átɔ́ŋ","wán / bə̀tə̂ŋ","wán / bə̀tə᷇ːŋ","wán / ɲʲòmnə́","wán / nwòmnə́~ɲʷòmnə́","wán / ŋmɛ́m","wán / ŋmɛ́m","wāɲ / bāɲ","wáɲ / ba᷇ːɲ","wāɲ / m̀nɛ᷇ː","wáʲ / wáːɣê ~ nêmê","ŋwə́ / bín","ŋwə́ / bím","wâ / bàbyáŋbʊ́","wá ~ wó / bàbya᷇ŋ","wɛ́ʼn / ɲɔ́m","wɛ́ʼn / ɲɔ́m","wáɦɲ / ɲɒ́ɦm","wán / ɲɒ́m","wān / bə̀kʲə̂ŋ","wān / bə̀kʲɪ̄ŋ","wān / bɛ̀tʲa᷇ːŋ","wān / bə́tʲa᷇ːŋ"
"3","father","tà~bə̀bá / àtìlə́bʷɪ̂","bʊ̀bá~tʲə̀lə́ / bʷɪ̀tʲə̀lə́","tâː~tâːtá~tátò / bàtâːtá~bə̀tâː","bâbə́~bʷâ / bə̀bâbə́~ábʷá","ʊ̀bá~tɛ̂ / pàpá~bàtɛ̂","tʲě / bə̀tʲěː","tə̌ː / bə̀tǎː","tə̌ː / bə̀tə̌ː","tɪ̀lə́ / bə̀tɪ̀lə́","bə̀bá / bə̀bø̂","bâ / bə̀bâ","tʲə̂ / bə́tʲə̂","bɛ̂ː ~ tʃə́ʔ / ɣɛ̀bɛ̂ː ~ tʃə́ʔsê","bɛ̌ː / bɛ̂ːɣê~ɣèʲbɛ̂ʲ","tʃyě / bʊ̀tʃyě","bə̀bə́ / bʊ̀bə̀bə́","tʃyɛ̌ / bàtʃyɛ̌","tʃyɛ̌ / bàtʃyɛ̌","tǎ / bə̀tyə̌ ~ tā / bə̀tāː","tā / bə̀tāːbə́","tɪ̌ː / tʲě","tɪ̌ː / tɪ̌ː wɪ̄","kʲə̀lə́ / bə̀kʲə̀lə́","tâ / bə̀tǎː","pǎː~bʊ̀bá / bə̀bʊ̀bá~bètʲé","bə̀bá / bə̀bə̀bá"
"4","mother","nâ~ɲí / àɲí~ɪ̀ɲí~ànɪ́jàbʷɪ̂~ɪ́-níbî","nɪ́jā / àné~bʷɪ̀nɪ́jā","ɲʲə́~màmɪ́~nânə́ / bə̀ɲʲə́~bə̀màmɪ́~bə̀nânə́","nânə́ / bə̀nânə́~ánâ","nɪ́ā / bə̀nɪ́ā","ʊ̀ⁿdìnə́~nî / bə̀ⁿdínə́","nâ / bə̀nâ","nɪ́ː / bə̀nɪ́","nɛ́ / bə̀nɛ́","nɛ̂ / bə̀nɛ̂","nə̂ / bə̀nə̂","ɲʲə́ / bə̀ɲʲə́","nêɲ ~ wùzə́ŋ / ɣɛ̀nêɲ","nêʲ / nêʲɣê~ɣèʲbɛ̂ʲ","nî / bʊ̀nî","nî / bʊ̀nî","ɲí / bàɲí","ɲí / bàɲí","n̄nāː / bə̀níbə́ ~ nāː / bə̀nāː","màmí / bə̄nâː","nɪ́ / bɑ̀ɦ ~ bònɪ́","nɪ́ / nɪ́ː","ɲí / bə̀ɲí","nâ / bə̀nàâ","níjā / bɛ̀nɪ́jā","níjā / bɛ̀nɪ́jā"
"7","person","ònò~ʊ̀nʊ̀ / ána᷇ː","ʊ̀nò / bʷɪ̀na᷇ː","ŋʊ̀ / ánɪ̂~ánîbə̄","ŋʊ̀ / ànè","ʊ̀nʊ̀ / bə̀nô","ʊ̀nə̀~ʊ̀nò / bə̀nø̂","mgbɪ̀ / mbɪ́lə́","mgbɪ̀ː / mbɪ᷇ːlə́","ŋmə̀ / ŋmɪ̀m","ŋmə̀~ŋmə̀tə̀ / ŋmɪ᷇ːm","mùèɲ ~ mwèɲ / bə́nî","mɥɪ̀ɲ / bə́nî","wùò / àɣʲə᷇ː","wʊ̀ə̀ / ɣʲə᷇ː","mwɪ̀ / bʊ́ní","mwɪ̀ / bʊ́ní","ǹnò / bànɛ̂bʊ̄","n̄nōwʊ́ / bànɛ᷇bʊ́~ǹnò / bànɛ᷇ː","ø / ø","màwɛ̌n / mbɛ̂ː","mò / ḿbɛ̂ː","mò / mbɛ̂ː","ʊ̀nɛ̀ / bə̀nɛ̂","ʊ̀nè / bə́nê","ʊ̀nò / bɛ̀no᷇ː~áno᷇ː","ʊ̀nò / bə́nô"
"16","friend","bî~bîmô / bʷɪ̀bî~àbìmóbʷɪ̀","ʊ̀kʷèː / bʷɪ̀kʷè","ǹ̩sànə́ / ásěː~ǹ̩sànə́","ǹ̩sânə́ / ásé","bí / bàbí~bə̀bí","bʲê / bə̀bʲê","ǹsʊ́n / bə̀nsʊ́n","ǹsʊ́ːn / bə̀nsʊ́ːn","sʊ̄n / bə̀nsʊ́n","sʊ̄n / bə̀nsʊ́n","ńséɲ / ǹséɲ ~ ńséɲ","ǹsɪ̄ɲ / ńsɪ́ɲ","sø̄ʲ ~ wʊ̀òsòɲ / sóʲ","sóʲ / ə̄sóʲ","ǹsʊ́ / ǹsʊ́ŋ","ǹsʊ́ / ǹsʊ́","ìtsʊ̈̌ / kítsʊ̂lə̀","ɪ̀tsʊ̌ / átsʊ́wú~kɪ́tsʊ́lə́","ńsʊ́ŋ / ńswéːn","n̄sʊ̄ŋ / n̄sōn","n̄sʊ̄ŋ / ǹsʊ̄ɪ̄ɲ","ńsʊ́ːŋ / ńsǿé","bʲâ / bə̀bʲá","àtsò / bàtsò","bī~bîː / bɛ̀bí","ʊ̀kɥɪ̀ / bə̀kɥɪ̀"
"21","chief","ŋkʊ́ŋ / ŋkʊ́ŋbʷɪ̂","ŋkʊ́ŋ / ŋkʊ́ŋbʷɪ̂","ŋ̀kʊ́~ŋ̀kʷʊ́ò/àŋkʷʊ́bə̄~àŋkʊ́~àŋkú","ŋ̀kʊ́~ŋ̀kú /àŋkʊ́~àŋkú","ŋkʊ́ŋ / bə̀ŋkʊ́ŋ","ŋkʊ́ŋ / bə̀ŋkʊ́ŋ","ŋ̀kə́ŋ / bə̀ŋkə́ŋ","ŋ̀kə́ŋ / bə̀ŋkə́ŋ","ŋkʊ́ŋ / bə̀ŋkʊ́ŋ","ŋkʊ́ŋ / bə̀ŋkʊ́ŋ","fèɲ / tə́fêɲ","fə̀ɲ / tə̀fə̂ɲ","fɔ̀ʲ / sə̀fɔ̂ʲ","fɔ̀ɪ̀ / fɔ̂ɪ̀sə̀ ~ sə̀fɔ́ɪ̀","kʊ̌ːŋ / bʊ̀ŋkʊ̌ːŋ","kʊ̌ːŋ / bʊ̀ŋkʊ̌ːŋ","ŋ̀kʊ́ŋ / bàŋkʊ́ŋ","ŋ̀kʊ́ŋ / bàŋkʊ́ŋbʊ̄","ŋkʊ̌ŋ / ŋkʊ̌ŋbə́ ~ŋkʊ́ŋ / ŋkʊ̄ŋ","ŋ̀kʊ̌ŋ / bə̀ŋkʊ̄ŋbə́","ŋkʊ̌ŋ / bòŋkʊ̌ŋ","ŋ̀kʊ̌ːŋ / bòŋkʊ̌ŋ","ŋkʊ́ŋ / ŋ̀kʊ́ŋsə́","ŋ̀kʊ́ŋ / bə̀ŋkʊ́ŋ","ŋkʊ́ŋ / bɛ̀ŋkʊ́ŋ","ŋkʊ́ŋ / bɛ̀ŋkʊ́ŋ"
"33","deity, god, God","kə̀jì / ìjìbì","kə̀jì / bìjì","kə̀zə̀ / bə̀zə̀","kə̀zə̀ / bə̀zə̀","kə̀jì / bìjì","kə̀jì / bìjì","kə̀yìː / bə̀yìː","fə̀yìː / bə̀yìː","fə̀ʒʲə̀ / mə̀nʒʲə̀","fə̀ʒʲə̀ː / fə̀ʒʲə̀ː~mə̀ʒʲə̀ː","kə̀ʒìː / bə̀ʒìː","kə̀ʒì / bə̀ʒì","fə̀ʒʲə̀ / m̀ʒʲə̀","fə́ʒʲə̀ / ḿʒʲə̀","gbə̀m / gbə̂m","gbə̀m / bʊ̀gbə̀m~gbə᷇m","kìgbə̀m / bìgbə̀m","kìgbə̀m / bìgbə̌mbí","gbə̀m / ø","gbə̀m / ø","gbàm / gbàm","gbɑ̀m / gbɑ̀m","àyì / bìyì","àyì / bìyì","kə̀jì / bìjì","kə̀jìː / bìjì"
"34","devil","bántán~ʊ́tán/àbántánbʷɪ̂~bántán","bántán / bʷɪ̀bántán","nǎːtàɲ / ànǎːtàɲ","nǎːtàɲ / ànǎːtàɲ","ʊ̀tə̌n / bə́tə̀n","ʊ̀tə̌ːn / bə́tə̌ːn","ǹti᷇ːn / bə̀nti᷇ːn","ǹtsɪ᷇ːn / bə̀ntsɪ᷇ːn","ŋmə̀tʃʲə̂ / ŋmɪ̂mbə́tʃʲə̂","ŋmə̀tʃʲə̂ / ŋmɪ̀mbə́tʃʲə̂ ~ŋmə̀bə́tsɨ́ɣ / ŋmɪ̀mbə̀bə́tsɨ́ɣ","ŋ̀kə̀nə́ / bə̀ŋkə̀nə́","ø / bə̀tsə́","wùə̀tí / ɣʲə̂tʲə́","wùə̀tí / ɣʲə̂tʲí","tse᷇ː / bʊ́tse᷇ː","tsěē / bʊ̀tsěē","ʊ̀tǎn / bátǎn","ʊ̀tǎːn / bátǎnbū","kɛ̄ː / kɛ̄ːbə́","kɛ́ː / kɛ́ːbə́","kɛ̄ / kɛ̄","kɛ́ / kɛ́ː","ʊ̀tə̌ːn / bə̀tə̌ːn","ʊ̀tə̌n / bə́tə̌n","ʊ̄tə̄n / bìʊ̀tə̄n~bùtə̀n~bɛ̀tə̀n","ʊ̀tɛ̌ːn / bə́tɛ̌ːn"
"54","head","ɪ́fê~ɪ̀fɛ̀mó / ḿfê~m̀fɛ̀mó","ɪ̀fèː / mʷɪ̀ŋfèː","kʷú / kʷúlə́kə̄~kə̀kúːlə́","kʷú / kə̀kʊ́ːlə́","ɪ̀fɛ̀ / kə̀fɛ̀","ɪ́fɛ́ / áfɛ́","fá / kə̄fátə́","fā / kə̀fátə́","kú / tə̀kú","kʷú / tə̀kʷú","kə́ / tə̀kə́","kˣə́ / tə̀kˣə́","kə̀tú / tū","kə̀tᵗú / ʊ́tᵗú","fʊ̄ / fʊ́ŋ","fʊ̄ / fʊ́ŋ","ìfì / áfíwʊ̄","ìfì / àfìwú","fá / fɛ́ʔ ~ fɛʔɛ","fá / fɛʔɛ","fó / fɑ́ɦ","fó / fáː","ɪ́fāː / áfàsə́","ɪ́fɛ̂ / áfɛ̂","ɪ̀fɛ̀ / àfɛ̀ː","ɪ̀fɛ̀ / àfɛ̀"
"56","eye","ɪ́zɪ́hɪ́ / ànzɪ́hɪ́~ńzɪ́hɪ́","ɪ̀zɪ́hɪ́ / ǹzɪ́hɪ́~mʷɪ̀nzɪ́hɪ́","zə́sə́ / àzə́sə́~zə́sə́kə̄","zə́sə́ / kə̀zə́sə́~ázə́sə́","ɪ́dzɪ́hɪ́ / kə̀dʒɪ́hɪ́","ɪ̄dʒísə́~ɪ́dzɪ́hɪ́ / àdʒísə́~kə̀dʒɪ́hɪ́","yɛ́sə́ / kə̀yɛ́sə́~kə̀yɛ́sə́nə̄","yɛ́sə́ / kə̀yɛ̂sə̀nə́","wə́sə̄ / ʒísɛ̄","wə́sə̌ / ʒí","ɥí / dʒí","ɥí / dʒí","sɪ́ʲ / síə́","ɪ́sɘ́ʲ / ə̀sɘ́ʲ ~ síː","yət / yətʃìn","yə́t / ø","ízə̄sə́ / ázə́sə́","ídzə̄sə́~ɪ́zə̄sə́ / ázə́sə́","yɛ́ / yɛ́kə́ ~ yɛ́ / yɛ́","yə́ / yɛ́ːkə́","yɪ́ / yɪ̄kɪ́","yɪ́ / yɪ̄ː kō","ɪ́dzɛ́hɛ́ / ádzɛ́sə́ ~ ádzɛ́hɛ́sə́","ɪ́zɛ́hɛ́ / ázɛ́hɛ́","ɪ̀dzɪ́hɪ́ / àdʒɪ́hɪ́","ɪ́dzɪ́hɪ́ / àdʒɪ́hɪ́"
"57","nose","ɪ̀ɲə́ŋ / ńɲə́ŋmʷɪ̂","ɪ̀ɲə́ŋ / mʷɪ̀nɲə́ŋ~ǹɲə́ŋ","vǘ / vǘlə́kə̄~kə̀vǘlə́","vǘ / kə̀vǘlə́~ávǘlə́","ɪ̀ɲə́ŋ / kə̀ɲə́ŋ NGUN","ɪ̀ɲí / àɲí","wúŋ / kə̀wúŋ~kə́wúŋtə́nə̄","wʊ́ŋ / kə̀wʊ́ŋtə́","wu᷇ː / tə̀wu᷇ː","wū / tə̀wu᷇ː","wúŋ / tə̀wúŋ","wúŋ / tə̀wúŋ","ɥɪ́ / ɥɪ́ə́","ɪ́wə́ʲ / ə̀wə̀ʲ","dʒʊ́ / dʒʊ́ŋ","dʒʊ́ / dʒʊ́ŋ","ɪ̀ɲʊ́ / àɲʊ́","ɪ́ɲǘ / áɲǘwū","wʊ́ŋ / wʊ́ŋkə́ ~ wʊ́ŋ / wʊ́ŋ","wʊ́ŋ / wʊ́ŋkɛ́","wʊ́ŋ / wʊ̄ŋ kɪ́","wʊ́ŋ / wʊ́ːŋ kō","ɪ́ɲí / áɲîsə́","ɪ́ɲí / áɲîː","ɪ̀ɲə́ŋ / àɲə́ŋ","ɪ̀ɲə́ŋ / àɲə́ŋ"
"58","mouth","òfàn / àmfàn~m̀fànmʷɪ̀","ʊ̀fàn / mʷɪ̀ɱfàn","dzɨ́ / kə̀dzɨ́lə́","dzɨ́ / kə̀dzə́lə́","ʊ̀fʷə̀n / kə̀fʷə̀n","ʊ̄fʷə̄n / áfʷə̄n","kə̀zé / bə̀dzə́gkpə́~bə̀dzə́gkpə́nə̄","kə̀zéː / bə̀dzə́kpə́","dʒʲə᷇ː / bə̀dzə́kə̄","dʒʲə́ / bə̀dzə́kə̄","kə́dzôː / bə́dzôː","kə́zôː / bə́zôː","tsə́ʲ / tsə̄","tsə́ɪ́ / ə̀tsə́","ádzé / bídzé","ádzé / bídzé","ʊ̄fān / áfán","ʊ́fân / āfánwō~ɪ́fánə̀","dzák / dzákkə́ ~ dzák/ dzák","zák / zákkɛ́","dzʲɛ́ / dzʲɛ̀ː bɪ́","dzɛ́ / dzó","ʊ́fə̂n / áfə́nə̀sə́","ʊ́fə̂n / áfə̀nə̀~ áfə̂n","ʊ̀fʷɛ̀n / àfʷɛ̀n","ʊ̀fʷə̀n / àfʷə̀n"
"59","ear","kə̀tɔ́ŋó / ɪ̀tɔ́ŋóbî","kə̀tɔ́ŋɔ́ / bìtɔ́ŋɔ́","kə̀tʊ́ŋ / bə̀tʊ́ŋ","kə́tʊ́ŋ / bə́tʊ́ŋ","kə̀tɔ́ŋə́~kə̀tɔ́ŋá / bìtɔ́ŋə́~bìtɔ́ŋá","kə̀tɔ́ŋ / bìtɔ́ŋ","kə̀túŋə́ / bə́túŋə́","kə̀tʊ́ŋə́ / bə́tʊ́ŋmgbə́","túə́~túə́ŋ / bə̀túə́~bə̀túə́ŋ","tʷə́ŋ / bə̀tʷə́ŋ","kə̀túŋ / bə̀túŋ","kə̀túŋ / bə̀tṹ ~ bə̀túŋ","kə̀tʊ᷇ːŋə́ / ʊ́tʊ᷇ːŋə́","kə̀tʊ̂ŋə́ / ʊ̀tʊ̂ŋə́","átʊ́ / bítʊ́","átʰʊ̂ / bítʊ́","kìntʃʊ́ŋ / bìntʃʊ́ŋ","kìntʃʊ́ŋ / bìntʃʊ́ŋbī","tʃɔ́m / tʃɔ́mbə́~tʃɔ́m / tʃɔ́m","tʃɔ́ːn / tʃɔ́mbɛ́","tʃʊ́ŋ / tʃʊ́ŋ~tʃɔ́m","tʃʊ́ŋ / tʃɔ́m","àtɔ́ŋ / bìtɔ́ŋ","átɔ́ŋ / bítɔ́ŋ","kə̀tɔ́ŋə́~àtɔ́ŋə́ / bìtɔ́ŋə́~ɪ̀tɔ́ŋə́","kə̀tɔ́ŋə́ / bìtɔ́ŋə́"
"60","jaw","kə̀ⁿbàŋó / m̀bàŋə́bî~ɪ̀mbàŋə́","kə̀ⁿbàŋó~ⁿbàŋó / bìⁿbàŋó~ⁿbàŋó","kə̀ⁿbàŋ / bə̀ⁿbàŋ","kə̀ⁿbàŋ / bə̀ⁿbàŋ","kə̀jó / bìjó","kə̀jɔ́hɔ̄ / bìjɔ́hɔ̄","kə̀mbàŋ / bə̀mbàŋ","kə̀mbàŋ / bə̀mbàŋ","kə̀ⁿbàŋ / bə̀ⁿbàŋ","kə̀ⁿbàŋ / bə̀ⁿbàŋ","kə̀mbàŋ / bə̀mbàŋ","kə̀mbàŋ / bə̀mbàŋ","bɔ́ŋɪ̀ / bɔ̂ŋsə̀ ~ bɔ̂ŋ","kə̀bɔ̂ŋ / ʊ̀bɔ̂ŋ","kɔ́ / kɔ́t ~kɔ́ŋ","kɔ́ / kɔ́ ~kɔ́ŋ","kìyáhā / bìyáhā","kìyáhá / bìyáhá","mgbàŋ / mgbàŋbə̌ ~ mgbàŋ/mgbàŋ","mgbàŋ / mgbàŋbɛ́","mgbàŋ / mgbàŋ bɪ́","mgbǎŋ / mgbǎːŋ","àyòhó / bíyòːsə́","àyòhò / bìyòhò","ɪ̀jó / àjó","àjúó / ɪ́júó~ájúó"
"61","tooth","ɪ́zán / ānzán","ɪ̀zán / ǹzán~mʷɪ̀nzán","zán / ázáɲ","záɲ / kə̀záːnə́~àzáːnə́~àzáɲ","ɪ̀zə́n / kə̀zə́n","ɪ̀zə́n~ìdzə́n / āzə́n~àdzə́n","yɛ́n / kə̀yɛ́ntə́nə̄","yɛ́n / kə̀yɛ́ntə́","wə᷇n / jɛ́n","wə᷇ːn / jə́n","wɪ́ɲ / dʒéɲ","ɥɪ́ɲ / dʒɪ́ɲ","ìsɔ᷇ːŋ / sɔ̃́ə̃́ ~ sɔ́ŋə́","ɪ̀sɔ᷇ːŋ / ə̄sɔ᷇ːŋ","ágílə̄ / gə́klɪ́","ágídə̄ / bígídə́","ɪ̀zán / àzán","ɪ́zán / ázánnō~ázán","yɛ́n / yɛ́nkə́ ~ yɛ́n / yɛ́n","yɛ́n / yɛ́nkɛ́","yɛ́n / yɛ̄n kɪ́","yɛ́n / yɛ́n kó","ɪ́zə́n / ádzə́nə̀sə́","ɪ́zə́n / ázə́n","ɪ̀zɛ́n / āzɛ́n","ɪ́zɛ́n / ázɛ́n"
"62","tongue","ɪ̀lám / ánlámmʷɪ̂","ɪ̀lám / kìlám~ǹlám","lámə́ / kə̀lámə́","lámə́ / kə̀láːmə́","ɪ̀lám / kə̀lám","ɪ̀lám / ālám","lɪ́m / kə̀lɪ́mtə́","lɪ́m / kə̀lɪ́mtə́","lɪ᷇ːm / tə̀lɪ᷇ːm","lɪ᷇ːm / tə̀lɪ́ːm~tə̀líːmkpə̄","lə́m / tə̀lə́m","lə́m / tə̀lə́m","kə̀nám / ʊ́nʷám","kə̀nə́m / ʊ̀nə́m","lɪ́ / lə́ŋ","lɪ́ / lə́ŋ","ɪ̀lám / àlám","ɪ̀lám / álámnō","lyém / lyémkə́ ~ lyɛ́m / lyɛ́m","lyə́n / lyə́nkə́","lʲə́m / lʲə̄m kɪ́","lʲə́m / lʲə̀ːm ká","ɪ́lám / álámə̀sə́","lám / àlàm","ɪ̀lám / kə̀lám","ɪ̀lám / àlám"
"64","belly","àmbɪ́n~ɪ̀bɪ́n/àmbɪ́nmʷɪ̂~àmbɪ́n","m̀bɪ́ ~ ɪ́bɪ́ / mʷɪ̀mbɪ́~m̀bɪ́ː","kʷə́ / àkʷə́","kʷə́~àkʷə́ / ákʷə́~kə̀kʷə́lə́","kə̀jʲá / bìjʲá NGUN ~ kə̀jʲɛ́ / bìjʲɛ́ BIYA","kə̀jʲá / bìjʲá","kʷú / kə́kʷútə́","kʷú / kə̀kʷúːtə́","kʊ̂m / kʊ̂m","kʊ̂m / tə̀ŋkʊ̂m","kʷə́ / bə́kʷə́","kʷə́ / tə̀kʷə́","ʊ̀nɛ̂ː / m̀nɛ̂ː","ʊ̀nɛ̂ː / sə̀nɛ̂ ~ ḿnɛ̂","ʊ́lâp / múnâm","ʊ́lâp / múna᷇ːm","ìbêː / àbêː","ábêː ~ ábêwú","kú / kóyə́","kʷú / kʷúkɛ́n","kʷú / kʷú","kʷú / kʷű","ábɪ́ / ábɪ́lə́","ábé / ábé","àbé / bìbə́~àbé","àbɪ́ / ábɪ́"
"68","hair","ófʷɪ́ / ɪ́fʷɪ̂ː","ʊ̄fʷɪ́ / kīfʷɪ́~īfʷɪ́","vúlə́ / kə̀vúlə́","fɔ̂lə̀~fʷò / kə́fɔ̂lə̀~fʷólə́","ʊ̀fʷé~ʊ̀fʷɪ́/ kə̀fʷé","ʊ̀fʷɪ́/ àfʷɪ́","kə́fʊ̂ː / bə́fʊ̂ː","kə̀fʊ̀ː / bə̀fʊ̀ː","fʊ̂ː / tə́fʊ̂ː","fù / bə̀fù","kə́fû / bə́fû","kə́fû / bə́fû","ɪ̀ɲʊ̂ŋ / sə̀ɲʊ̂ŋ","ɪ̀ɲʊ̂ŋ / sə̀ɲʊ̂ŋ","dzʊ̌ / dzʊ́ŋ","dzʊ̌ / dzʊ́ŋ","ʊ́fʊ̂ / áfʊ̂","ʊ́fû / ʊ́fúwū","fôʔ / fôʔbə́","fʊ̂ʔ / fʊ̂ʔkɛ́n","fɒ̀ɦ / fɒ̀ɦ kɪ́","fɒ̀ɦ / fɒ̂ɦ","ʊ̀fí / áfísə́","ʊ̀fí / ɪ́fí","ʊ̀fí / ɪ̀fí~bə̀ʊ̀fí~ìfí","ʊ̀fí / ɪ̀fí"
"71","breast","m̀bə́n / àmbə́nmʷɪ̂","ɪ̄bə́n / mʷɪ̀nbə́n","bɪ̂ɲ / ábɪ̂ɲ","bâːnə̀ / kə́bâːnə̀","ɪ̀bʲɛ́n / kə̀bʲɛ́n","ɪ̄bʲɛ́n / àbʲɛ́n","bɛ̂n / kə́bɛ̂ntə́","bèːn / bʲɛ᷇ːn","bínə̄ / tə̀bínə̄","bínə̄ / bʲə́n","ḿⁿbɛ̂ɲ / ø ~ ḿⁿbɛ̂ːɲ","mbɛ̂ɲ / tə́mbɛ̂ɲ","ìɣɛ̌ʲ / ɣéʲ","ɪ̀ɣáɪ́ / ə̀ɣáɪ́","mbêːn / mbêːn","mbêːn / ø","ɪ́bə᷇ːn / ábə᷇ːn","ábə̂n~ɪ́bə́n / ábə̂nwʊ̄~ábə́n","byâːn / byâːnkə̌","byân / byânkɛ̌","bíàn / bìàn kɪ́","bʲàn / bʲân","ɪ́bʲə́n / ábʲə́nə̀sə́","ɪ́bʲɛ́n / ábʲɛ́n","ɪ̀bʲɛ́n / àbʲɛ́n","ɪ́bʲɛ́n / ābʲɛ́n"
"79","hand","ōkán / àŋkánmʷɪ̂","ʊ̀kán / mʷɪ̀nkán~ŋ̀kàn","kàɲ / àkàɲ","ákâɲ / kə́kâːnə̀","ʊ̀kán / kə̀kán","ʊ́kán / ákán","tsɪ̀n / kə́tsɪ̂ntə́","tsɪ̀ːn / tsɪ᷇ːn","kālə̀ / kā","kálə̄ / kātɛ᷇ː ~ kā","kɔ̃̂ / ø","tsèɲ / tsêɲ ~ tsèɲ (yá)","kə̀ɣú / ɣúó","kə̀ɣó / ə̀ɣó","ábán / bíbán","ábáŋ / bíbán","ʊ́kə᷇ːn / kíkə̄nnō","ʊ́kə̂n / ákə́nwū","kɛ̂ / kɛ̂yə̌ː","kɛ̂ / kɛ̂yə̌N","tsǎːn / tsàːn yí","kê / kê","ʊ́kɛ́ / ákâsə́","ʊ́kɛ́ / ákɛ́","ʊ̀kán / àkán","ʊ̄kán / ākán"
"80","stomach","kə̀tòm / ɪ̀tòmbî","kə̀tòm / bìtòːm","bàtàlə́ / àbàtàlə́","kə́tʷáːmə̀ / bə́tʷáːmə̀","kə̀ntɔ̀m / bìntɔ̀m","kə̀ntɔ̀m / bìntɔ̀m","kə̀tʊ̀m / bə̀tʊ̀m","kə̀tòm / bə̀tòm","tǿːmə́ / bə̀tø̄ːmə́","tʊ̀ːmə́ / bə̀tʊ̀ːmə́","kə̀ntʊ̀ːmə̀ / bə̀ntʊ̀ːmə̀","kə̀ntɪ̃̀ːkə̀ / bə̀ntɪ̃̀ːkə̀","kə̀to᷇ːm / ùtôːm","kə̀tǒːm / ʊ̀tǒːm","átót / bítót","átót / bító","ʊ́tôm / kítómnə̄","ǹtsʊ́lə́ ~ʊ̀tɔ̀m /bàntsʊ́lóbʊ́ ~bàntɔ̀mbú","tyòm / tyômyə̌","tyòm / tyômKə̄","tʷòm / tʷòm","tɥòm / tʷɥòmbóɦ","ǹtʊ̀m / bìntʊ̀m","àntʊ̀m / bìntʊ̀m","kə̀ⁿtɔ̀m / bìⁿtɔ̀m~ìⁿtɔ̀m","kə̀ⁿtòm / bìⁿtòm"
"105","intestine","kɪ̀já / ɪ̀já","kɪ̀já~ìjá / bìjá~ìjá","kə́zôː / bə́zô","kə́zɔ̂ / bə́zɔ̂","kə̀jʲá / bìjʲá","kə̀jʲá / bìjʲá","kə́yʲâ / bə́yʲâ","kə́yʲa᷇ː / bə́yʲa᷇ː","lɘ̀ɣ / bə̀lɘ̀ɣ","lɘ̂ːɣ / bə̀lɘ̂ːɣ","dʒánə́ / tə́dʒâː","dʒánə́ / tə́dʒâː","ɪ̀ndʒʲə᷇ː / sə̀ndʒʲə᷇ː","ɪ̀ndʒʲə᷇ / sə̀ndʒʲə᷇","fínâm / múnâm","múnâm / ø","kíyə́lə̄ / bìyə́lə̄","kíyə́lə̄~bíyə́lə̄ / bíyə́lə̄bī","yɛ̂ʔ / yɛ̂ʔbə̌","yɛ́ʔɛ́ / yɛ́ʔɛ̀bə́","yâɦ / yâ","yâːɦ / yâːbóɦ","ɪ́yá / kìyá","ɪ́yákə́/ kìyákə́","kə̀já~ájá / bìjʲá~ɪ̀yá","kə́já / bíjá"
"107","heart","ǹʃàm / ànʃàmmʷɪ̀","ǹʃàm~ɪ̀ʃǎm / mʷɪ̀nʃàn ~ ǹʃām","ʃìn ~ ʃʲé / kə̀ʃìnnə̀","ʃìn~ʃʲé / kə́ʃʲélə̀","ɪ̀ʃǎm / kə̀ʃàm","ɪ̀ʃām / āʃām","ʃím / kə́ʃîmtə́","ʃɪ̌ːm / kə́ʃɪ́mtə́","sīm / sím","sìm / sím~tə̀símkpə́","ʃə́m / ø","ʃə́m ~ ʃɛ́m / ø ~ ʃɛ̀m (yə́nə́)","ítám / tə́ɣ","tɑm / ə̀tɑ́m","ʃə̄m / ʃə́m","ʃə̄m / ʃə́m","ìʃám / áʃám","ɪ́ʃām / áʃáMú","ʃám / ʃámyə́","ʃām / ʃāmyɛ́n","sám / sām","sám / sām","ɪ́ʃámâ / áʃámàsə́","ɪ̀ʃàm / àʃàm","ɪ̀ʃàm / àʃàm","ɪ̀ʃàm / àʃàm"
"122","blood","ánʃám / ánʃám~ńʃámmʷɪ̂","ǹʃám / mʷɪ̀nʃám~ǹʃǎm","m̩̀fʷɪ́ɲ / m̩̀fʷɪ́nlə́","m̩̀fɥɪ́ɲ / m̩̀fɥɪ́ɲ","ḿ̩fʲám / ḿ̩fʲám","m̩̀fʲám / m̩̀fʲám","ǹʃʷóm / ø","ǹʃóm / kə̀nʃómtə́","lɪ́mə̄ / bə̀lɪ́mə̄","lɪ́mə̄ / bə̀lɪ́mə̄","ŋ́fṹə̃́ / ø","ŋ́fṹə̃́ /  fṹã́","nâm / ǹnám","ǹnə́m / nɑ́mə̀","mʊ́ndzâːn / ø","mʊ́ndzâːn / ø","fìndʒáhá ~ńdʒáhá~ándʒáhá / ándʒáhá ~àndʒáhá~","àndʒáhá / àndʒáhámū","ńdzâː / ńndzâːmə̌","dzà~ndzâ / ndzâmɛ̌n~ndzàː","m̀fə́ɦm / m̀fə̄ɦm mɪ́","m̀fɒ́ɦm / m̀fɒ́ɦm","ńʃām / ńʃâmə̀sə́","ńʃām / ńʃámɪ̂","m̩̀fʲǎm / m̩̀fʲǎm","fʲám / m̩̀fʲǎm"
"129","horn (head)","ɪ̀kpàhà / àŋkpàhàmʷɪ̀","ɪ̀kpàhà / kìkpàhà","kpàsə̀ / kə́kpásə́~ákpâsə́","kpâsə̀ / ákpásə̄~kə̀kpàsə̀","ɪ̀kpáhá / kə̀kpáhā","ɪ́kpáhá / ákpáhā","kə́te᷇ː / ńte᷇ː","kə̄tēː / bə̀tēː","tə́kə̄ / bə̀tə́kə̄","tə́kə̄ / bə́tə́kə̄","kə́tə̂ / bə́tə̂","kə́tə̂ / bə́tə̂","ndɔ̄ŋ / sə̀ndɔ̄ŋ","ndɔ́ŋ / sə́ndɔ́ŋ","bwéwámɪ́dzə́m / bə́nàmɪ́dzə́m","bwèwêtdzə́mə́ / bènʊ́dzə́m","fínʃa᷇ːŋ / ánʃa᷇ːŋ","ànʃâŋ / ànʃâŋmū","ʃɛ̂n / ʃɛ̂nyə̌","ʃɛ̄n / ʃɛ̂nyɛ̌n","tɒ̂ː / tɒ̂","tɒ̂ɦː / tɒ̂ɦː","ɪ̀kpàhà / kìkpàhà","ɪ̀kpàhà / kíkpáhá","ɪ̀kpáhá / kə̀kpáhā","ɪ̀kpáhá / àkpàhà~kə̀kpàhà"
"135","gizzard (fowl)","kə́kʷá~ákʷá / ɪ́kʷábî","kə̀ʃáhá / bíʃáhá","kə̀tám / bə̀tám","kə́tám / bə́tám","kə̀ntɔ̀m / bìntɔ̀m","kə̄kʷān / bìkʷān ~ kə̄kʷã̄ / bìkʷã̄","kə̀tʊ̀m / bə̀tʊ̀m","kə̀tòːm / bə̀tòːm","ʃâːlə́ / ʃáːlə́","ʃàlə́ / ʃálə́","ʃʲálə́ / ʃʲálə́","ʃʲáːlə́ / tə́ʃʲáːlə́","sèʲ~sʲɪ̌ / sə̀sèʲ~sɪ̀sə́","séʲ / sə́séʲ","ŋyàɲyə̀ / ø","ŋyàɲyə̀ / bʊ́ŋyàɲyə́","ǹnànnə̀ / ø","n̄nánnə́ / bānánnə́","ŋwɛ̀ʔn / ø","wɛ̀ʔn / ø","sěː / sé","sěː / sé","áʃóhâ / bíʃáhâ","áʃáhā / bíʃáhā~kíʃáhā","ɪ̀ʃàm~ɪ̄ʃām / àʃàm~áʃám","kə̀kʷò / ɪ̀kʷò"
"202","grass","kə̀nám~ànám/bìnám~ìnám","kə̀nám / bìnám","kə́ɲʲâː / bə́ɲʲâː  ","kə̀ɲʲà / bə̀ɲʲà","kə̀nám / bìnám","kə̀nám / bìnám","kə́nám~kə́na᷇ːm / bə́na᷇ːmə́","kə́náːm / bə́náːm","nɛ̀m / bə̀nɛ̀m","nɛ̀m / bə̀nɛ̀m","ḿfʷã̂ː / tə́mfʷã̂ː","ŋ́fṹã̀ / tə́ŋfṹã́","kə̀ɣɛ̂ʲ / ʊ̀ɣɛ̂ʲ","kə̀ɣɛ̂ʲ / ʊ̀ɣɛ̂ʲ","ø / ø","ántə́ŋ / bíntə́ŋ","ʊ̄kwà / ìkwà","ø / ø","ø / ø","ø","nʷòm / ɲʷôm~ńnʷôm","yùə́n / ʃâːn","bìnám / bínámə́","ánám / bínám","kə̀nám~ànám / bìnám~ɪ̀nám","kə̀nám / bìnám"
"206","root","ʊ̀gbɔ́ŋ / ɪ̀gbɔ́ŋókî","ɪ́gbɔ́ŋ~ʊ̀gbɔ́ŋ~ʊ̀gbɔ́ŋɔ́ / kɪ̄gbɔ́ŋ~ɪ̀gbɔ́ŋ","gɔ̂ŋ / ágɔ̂ŋ","gɔ̂ŋ~gɔ̀ŋ / ágɔ̂ŋ~àgɔ̀ŋ","ʊ̀gbó / ìgbóBIYA  ~ ʊ̀gbə́ / kə̀gbə́BIYA  ~ ʊ́gbɛ́ / ìgbɛ́ NGUN","ʊ̀gbə́ŋ / àgbə́ŋ","zɛ́n~zɛ̃́ŋ / kə́zɛ̂ŋtə́~kɛdzɛ̂ŋtə́","dzɛ́ŋ / kə́dzɛ́ŋtə́nə́","ⁿgém / ⁿgéⁿkpə́","ⁿgɪ̀ⁿkpə́ / ⁿgɪ̀ⁿkpə́","gbə̂ŋ / zə̂ŋ","zə̀ŋ / zə̂ŋ","ɪ́ɣa᷇ːŋ / sə̀ɣa᷇ːŋ","ɪ́ɣa᷇ːŋ / sə̀ɣa᷇ːŋ","tə̀bə́wèdʒʊ́","tə̀bə᷇ː / bʊ̀tə̀bə́","ø / ø","sʊ̀nɔ̂f / bàsʊ̀nɔ̂fbū","sɪ̀nɔ̂f~tábàdǔːwə̄ / sɪ̀nɔ́fbə̌~tábàbə̀dùːbə́","tǎːbà / ø","dzə̂ŋ / dzə̂ŋ","gbə̂ŋ / dzə̂ŋ","ógbɔ́ŋ / ágbɔ́ŋ","ʊ̀gbɔ́ŋ / kìgbɔ́ŋ","ʊ̀gbʊ́ŋ / āgbʊ́ŋ","ɪ̀gbʊ́ŋ~ʊ̀gbʊ́ŋ / àgbʊ́ŋ~kə̀gbʊ́ŋ"
"208","tobacco","tábáŋ / átábáŋbʷɪ̂","tábáŋ / bʊ̀tábáŋ~tábáŋ","kə̀tá / bə̀tá","kə̀tá / bə̀tá","tábáŋ/bə̀tábáŋNgun~tábɔ́ŋ/bàtábɔ́ŋ","tábɔ́ŋ / tábɔ́ŋ ~ bə̀tábɔ́ŋ","tábáŋ / ø~bə̀tábáŋ","tábáŋ / bə̀tábáŋ","bvə́ / tə̀bvə̀tə́","gvə́ / tə̀gvə́tə́","mɥɪ̂ / tə́mɥɪ̂","m̀kpàⁿdàŋ/bàlêyì ~ mɥɪ̂fʷábə́ / tə́mɥɪ̂tə́fwábə́","kə́tíba᷇ːŋ / útíba᷇ːŋ","kə̀tíba᷇ːŋ / ʊ̀tíba᷇ːŋ","ákwó ~ ákó / bíkwó","ákwó / bíkwó","ø / ø","kɪ́báːlə̄ / kɪ́báːlə́kɪ́","kóʔ / kōʔkə́","kʊ́ʔʊ́ / ø","ɲə́m / ɲə́m","tâbà / mkpàndàŋ","tábə́ / bə̀tábə́","m̀kpɪ̀m~àmkpɪ̀m / bìmkpɪ̀m","tábáŋ/bìtábáŋ~àtábáŋ","tábáŋ/bɛ̀tábáŋ"
"211","camwood","kə́bʷôː / ɪ́bʷôːbî","kə́bʷo᷇ː / bībʷo᷇ː","kə̀kʊ́~kə́kʷʊ́ / bə́kʷʊ́~bə́kʊ́","kə́kʷú / bə́kʷú","kə́bo᷇ːh / bíbo᷇ːh","kə́bɑ̂ / kə̀bɑ̂~bìbɑ̂","kə́kʷûː~kʊ̄ː~kə́ku᷇ː / bə́kʷûː ~ kʊ̄ː~kə́ku᷇ː","kə́kʊ́ː / bə́kʊ́ː","kʊ̂ː / tə̀kʊ̂ː","kʊ̂ / tə̀kʊ̂~bə́ku᷇ː"," kə́kú~kə́kʊ́ / bə́kú","kə́kú / bə́kú","kə̀bɘ̂ɣ / ʊ̀bɘ̂","kə́bɨ̂ɣ / ʊ́bɨ̂ɣ","bú / ø","bú / ø","fìbùbú ~ʊ́bùbú / ʊ́bùbú ~ìbùbú","ʊ́bʊ̀bʊ́ ~ ʊ̀bʊ̀bʊ́wū","bʊ́ŋ / bʊ́ŋ~bʊ́ŋwə́","bʊ́ŋ / ø","kɒ̄ɦ / kɒ̄ɦ","kœ̄ɦ / ø","ábô / bìbô","ábo᷇ː / bíbo᷇ː","kə́bô~ábɔ᷇ː / bíbo᷇ː~ɪ́bɔ᷇ː","kə́bo᷇ː / bíbo᷇ː"
"217","forest","kə̀kôbó / ɪ̀kóbóbî","kə̀kʷóbó / bìkʷóbó","kə̀kɥô / bə̀kɥô","kə́kɥø̂ / bə́kɥø̂","kə̀tʊ̂k / bìtʊ̂k","kə̀tʊ̂ / bìtʊ̂","kə̀kó / mə̀ŋkó","kə̀kó / bə̀kó","tòŋ / bə̀ntòŋ","ntʊ̀ŋ / bə̀ntʊ́ŋ","kə̀kʷɛ́ / bə̀kʷɛ́","kə̀kʷɛ́ / bə̀kʷá","kə́kóː / m̀ko᷇ː","kə̀ko᷇ / m̀ko᷇","ndɔ̀k / bʊ̀ndɔ̀k","ndɔ̀k~ndɔ̀g / bùndɔ̀k~bùndɔ̀g","ø / ø","ø / ø","bʊ́ŋǹtsɔ̀ː / bʊ̂ŋńtsɔ̂ːbə́","dyò / ø","kœ́ / kœ́","kɒ̄ɦ / kɑ́ɦ","ákʷóbə́ / bíkʷóbə́","bìdòŋ~bìdʊ̀ŋ~ndòŋ ~ àkwóbə́ / bídóŋə̄~bídʊ́ŋə̄~bìkʷóbə́","kə̀kʷɔ́bə́~àkʷɔ́bə́/bìkʷɔ́bə́~ɪ̀kʷɔ́bə́","kə̀kʷɔ́bə́~àkʷɔ́bə́/bìkʷɔ́bə́~ɪ̀kʷɔ́bə́"
"253","oil","ŋkʷǒː~àŋkʷó / ŋ̀kǒːmʷɪ̂","ŋ̀kʷǒː / mʷɪ̀ŋ̀kʷó","ḿ̩kʊ́ŋ / ḿ̩kʊ́ŋmə̄","ḿ̩kʊ́ŋ / ḿ̩kʊ́ŋ","ŋ̩́kʷú~fíŋkʷú / ŋ̀kʷúŋmə̄","ŋ̩̀kʊ̃̌ː / ŋ̩̀kʊ̃̌ː","mʲé / ø","míé / màmíētə̄","kʷə́lə́m / kʷə́lə́m","kʷʊ́lə́m~fə̀ŋkʊ́kə̄ / kʷʊ́lə́m~kʷə́lə́m","mí / ø","ø ~ mɪ́ / mɪ̂ː (dʊ̄ːlə́)","m̀bvə́ / fə̀mbvə́","ḿvə̂m / ḿbvə́","ándʊ́n / bìndʊ́n","bìyáŋ / bíyáŋ","ìbǎ / íbá","ɪ̀bá / ɪ́báyī","sóːm / ʃɔ́m","ʃɔ́m~ʃɔ̄ʔm / ʃɔ̄mbɛ́n~ʃɔ̀ʔm","míé / mīē mɪ́","mʲə́ / ḿmʲə́","ŋ̀kʷɛ̀ / ŋkʷɛ̀sə́","ŋ̀kʷɛ̄ / ŋ̀kʷɛ̄","kə̀bò~ŋ̩́kʷú / ŋ̩́kʷú","ŋ̩̀kʷʊ̌ː / ŋ̩̀kʷʊ̌ː"
"255","palm tree","àbʷò~kə́bʷôː / ɪ́bʷôːbî","kə́bʷô~àbʷò / bíbʷô","ⁿfɥū / àⁿfɥʊ̀","m̩̀fɥù / àmfɥù","ⁿbɛ̌ː / bàⁿbɛ̌ː~bə̀ⁿbɛ̌ː","m̩̀bᴂ̌ / àbó","ʃʷóm  / kə́ʃʷômtə́","ʃʷōm  / kə́sɔ́mtə́","sɔ́m/sɔ́ːm","sɔ́m/sɔ́m","ʃʷām / ʃʷántʲɪ̃̀","ʃʷám / ʃʷáːm","ʊ́sɔ́m / sɔ́ː","ʊ́sɔ́m / ə́sɔ́m","àbáŋkíbyāŋ / bìbáŋbìbyāŋ","ábáŋ / bíbáŋ","kíbɔ́ː / bíbɔ́ː","kɪ́bó / bìbóbī","ndɛ̄ʔn / ndɛ̂ʔnyə̌","ø","ǹʃùː / ńʃû","ǹʃʷù / sɒ́ɦm","mbɪ́nə́ / ábɛ́","m̀mbénə̀ / bèmbénə́","kə̀bɛ̀ː~àbɛ̀ː / bìbɛ̀ː~ɪ̀bɛ̀ː","kə́bɛ̂ː / ábɛ́~ɪ̀bɛ̌"
"256","palm nut","ɪ̀bʷó / ɪ̀bʷóhɛ̀~ɪ̀bʷówɛ̀~ɪ́bʷó","ɪ̀bʷó / ɪ̄bʷó~ḿbʷó","bì / bí","bì / kə̀bílə́","ìbǒː / ìbó","ɪ̀bó / ɪ́bó","kə́ʃʷóm / bə́ʃʷóm","kə́sóːmə́ / bə́ʃʷóm","bə́lə̄ / bə̀bə́lə̄","bə́lə̄ / bə́bə́lə̄","tsã̀ŋə̂bǐː / tsâŋbî","tsàŋə́bîː / tsâŋbîː","kə̀ba᷇ːŋ / ùba᷇ːŋ","kə̀ba᷇ːŋ / ʊ̀ba᷇ːŋ","tsō / tsó","tsō / tsó","ɪ̀tsə̀ŋ / ɪ́tsə̂ŋ","ɪ́tsə̂ŋ / ɪ́tsə᷇ːŋyī","kyâŋ / kyâŋyə̌","kyâŋ / kyâŋyɛ́n~kyâŋ̄","yîʃʷɒ́m / yīʃʷɒ́m","sʷóm / ʃʷɒ́ɦm","ɪ̀bɛ́ / kìbɛ́","ɪ̀bɛ̌ / ɪ́bɛ́","ɪ̀bɛ́ / bìbɛ́~ɪ̀bɛ́","ɪ́bɛ́ / àbɛ́~kə̀bɛ́"
"290","kernel","ɪ̀tsàŋ /ɪ̄tsáŋŋɛ̂","ɪ̀tsàŋ / ɪ̄tsáŋ","tsò / tsô","tsò / kə́tsôːlə̀","ɪ̀tsʊ̀ŋ / ìtsʊ́ŋ~kə̀tsʊ́ŋ","ɪ̀tʃə̀ŋ / ìtʃə́ŋ~ɪ̄tʃə́ŋ","tsàŋ / kə́tsâŋtə́ ~ tsâŋ~tsáŋə́","tsàŋ / kə̄tsáŋtə́","tsì / tsí","tsī / tsí","tsàŋə́ ~ tsã̀ə̃́ / tsâŋ","tsàŋə́yìkə̀ntáŋə̀ / tsàŋbə̀ntáŋə̀","kʷo᷇ / sə̀kʷó","ɪ̀kǒː / sə̀kǒː","ndzə̀ŋnɪ̀ / bʊ̀ndzə̀ŋnɪ̀","ndzə̀ŋ / mndzə̀ŋ","kìfyɛ̀ / ìfyɛ̂~","ɪ́fʊ́ə̀ntī / ɪ́fʊ́yə̂ntǐ","tsɛ̂n / tsɛ̂nyə́","ø","tʃǎŋ~tsǎŋ / tsǎŋ~tsāŋ","tʃǎːŋ / tsâŋ","ɪ̀tsàŋ / ɪ̀tsáŋ","ɪ̀tsàŋ / ɪ̀tsáŋ~ɪ́tsáŋ","ìtsʊ́ŋ / bìtsʊ́ŋ~ɪ̀tsʊ́ŋ","ìtsʊ̀ŋ / ɪ̄tsʊ́ŋ~ātsʊ́ŋ~ɪ́tsʊ́ŋ"
"309","seed","ɪ̀kpʊ̀ / m̀kpʊ̀mʷɪ̀~àmkpʊ̀","ɪ̀ʃàm / mʊ̀nʃàm~ɪ̀ʃàmò","ʃɛ́n / áʃɛ́n","ʃɛ́n / áʃɛ́n","ɪ̀ʃám~ɪ̀ʃàm / kə̀ʃàm~kə̀ʃàmə̀","ɪ̄ʃām / āʃām","ʃám / mə́nʃâmfə́ ~ ʃa᷇ːm","ʃám / kə́ʃámtə́","sām / sám","sām / sám","ʃʷàmə́ / ʃʷám","ʃʷàmə́ / ʃʷa̽m","fə̀sáŋ / m̀sáŋ","fə̀sáŋ / m̀sáŋ","dzzí / dzə́ŋ","dzzí / dzə́ŋ","ìdʒáhà / ádʒáhà","ádʒáhà~ɪ́dʒáhà / ádʒáhāwū","gâ / gâːwə̌","gâ / gâhō","sám / sām~sám","sāɦm / sáɦːm","ɪ́ʃám / kɪ́ʃámə́","ɪ̀kpò / ɪ̀kpólə̄~àkpólə̄","ɪ̀kpò / àkpò","ɪ̀kpò / àkpò~kə̀kpǒ"
"312","corn","ǹdʒáhá / ǹdʒáhámʷɪ̂","ɪ̀dʒáhá / mwɪ̀ǹdʒáhá~ǹdʒáhá","kə̀sáŋ / bə̀sáŋ","kə̀sáŋ / bə̀sáŋ","ɪ̀dʒáhá / àdʒáhá","ɪ̀dʒáhá / àdʒáhá","gɣàːsə̀ / ø","gɣáhà / gɣâsə̀","kə̀kpàn / bə̀kpàn","kə̀kpàn / bə̀kpàn","gánə́ / gɛ̂ː","gánə́ / gɛ̂ː","ìsə̀f / sə̀sə̀f","ɪ̀sə̀f / sə́sə̀f","gìgà / ø","gìgàk ~gìgà / bʊ̀gìgàk ~bùgìgà","kìntʃám / bìntʃám","mbòlə́ / bàmbòːlə́bʊ̄","tám / tāmwə́","ŋkènděː~ŋkɛ̀ndé / ø","gɛ̂ / gɛ̂","gɛ̂ː / gɛ̀ː wó","ɪ̀dʒɛ́ / àdʒɛ́","ɪ́dʒɛ́ / ádʒɛ́","ɪ̀dʒáhá / àdʒáhá","ɪ̀dʒáhá / àdʒáhá"
"313","corn fufu","ʊ̀mɔ̀m~ʊ̀mòm~bʊ̀mòm / ʊ̀mòmⁿbʊ̀~àmɔ̀m","bʊ́mòm~ʊ́mʊ̂m/bʷɪ̀mòm~bʊ́môm","kə́ɲʲə́ ~ɲʲə̄ː / bə́ɲʲə́","kə́ɲʲə́~bə́ɲʲə́ / bə́ɲʲə́ːlə́","bùmɛ̂m / ʊ̀mɛ̀m","bʊ́mɛ̄m / bʊ́mɛ̄m","ø ~ kə́ɲʲɛ́m / bə́ɲʲɛ́m","kə́níɛ́m / bə́níɛ́m","lʲə́m / bə̀lʲə́m","bə̀lʲə́m~fə̀nlʲə́nə̀ / bə̀lʲə́m","ø / bə́ní","ø / bə́ní","kə́báʲ / ʊ̀báʲ","kə́báɪ́ / ʊ́báɪ́","mʊ́kât / ø","mʊ́kâːt / ø","fìŋkàːlə̀ / àŋkàːlə̀","àŋkàːlə̀ / àŋkāːlə̄mū","ŋkɛ̀ʔ / ŋkɛ̂ʔmə́","ŋ̀kɛ̀ʔɛ̀~ŋkɛ́ʔɛ̀ / ŋkɛ́ʔɛ̀mə́~ŋkɛ́ʔə̀","ɲāːm / ɲāːm","ɲám / ɲáːm","bʊ̀mʊ̀m / bʊ́mʊ̂m","ʊ̀mʊ̀m ~ ʊ̀mʊ̀mʊ̀ / ʊ̀mʊ̀mbù ~ kìmʊ̀mʊ́","bùmɛ̂m~ùmɛ̂m / ɪ̀ʃɔ́ŋ búmɛ̂m~ɪ́ʃɔ́ŋ~ búmɛ̂m","bʊ̀mɛ̀m / ɪ̀mɛ̀m~bùmɛ̀m"
"323","banana","kə̀wóm~àwóm / ɪ̀wómbî","kə̀wóm / bìwóm","kə̀tsú / bə̀tsú","kə̀tsúkə̄~kə̀tsúɣə́ / bə̀tsʊ̀kə́~bə̀tsʊ̀ɣʊ́","bǎːnà / bàbǎːnà","ígə́mbìdzʊ̂n / kə̀gə́mbìdzʊ̂n","fə̀ntʃə́ŋ / mə̀ntʃə́ŋ","fə̀ntʃə́ŋ / mə̀ntʃə́ŋ","kə̀tʃʊ́kə̂ / bə̀tʃʊ́kə̂","kə̀tʃʊ́kə̂ / bə̀tʃʊ́kə̂","kə́tʃʊ́kʊ́ / bə́tʃʊ́kʊ́","kə̀tʃʊ́kə́ / bə̀tʃʊ́kə́","kə̀tsʊ́ʔ /  ʊ̀tsʊ́ʔ","kə̀tsʊ́ʔ /  ʊ̀tsʊ́ʔ","fìndzâŋ / mùndʒâŋ","fìndzǎŋ / mùndʒǎŋ","ʊ̀làŋâ / bàlàŋâ","ʊ̀làŋâ / bàlàŋábʊ̄","lāŋ / làŋ","lǎŋ̈ / lǎŋbə́","tsʊ̈̄ / tsʊ̈̄","tsø̄ɦ  / tsǿɦ bō","bànánà / bə̀bànánà","pǎːnà / bə̀pànánà~bèpǎːnà","kə̀wóm / bìwóm~kə̀wómbìdzʊ̀ŋ / bìwómbìdzʊ̀ŋ","kə̀wómbìdzʊ̌ːŋ / bìwómbìdzʊ̌ŋ~bàhánà/bə̀bàhánà"
"344","drum","àndìmə́~kə̀ndím/ɪ̀ndîmbî","kə̀ⁿdʲɪ́m~àⁿdʲìm / bìⁿdʲɪ́m","fə́kpɪ́ɲ / ḿ̩kpɪ́ɲ","fə̄kpɪ́ɲ / ḿ̩kpɪ́ɲfə́","kə̀ⁿdím/ bìⁿdím~bīⁿdǐm","kə̀ⁿtǐm/ bìⁿtǐm","m̀bèː / bə̀mbèː","m̀bèː / bə̀mbèː","kpún / kún ~ kpún wə̀ tímkpə̄ / kún wə̀ tìmkpə̀lə́~kún tìmbə́lə́","kpún / kún ~ tə̀kʷúntə̄","kpéɲ / tséɲ","kə̀mβìː / bə̀mβìː","fə̀tsòm / m̀tsòm","fə́kâʔ / ḿkâʔ","dzɪ̀m / dzɪ́m","dzɪ̌m / dzɪ́m","ìyáːm / àyáːm","ìyám / āyámū","záːm / záːmyə́","záːm / ø","kpāːn / tswān","kpān / tsʷán","àŋkʲə̀mə́ / bìŋkʲə̀mə́","àŋkʲèmə́ / bìŋkʲèmə́","kə̀ⁿdím~àⁿdím / bìⁿdím~ɪ̀ⁿdím","kə̀ⁿdǐːm / bìⁿdǐːm"
"360","xylophone","ʃìŋwáŋ / mʊ̀ŋwáŋ","ʃìŋwáŋ / mʊ̀ŋwáŋ","fə̀ɲɔ̀ŋə́ / m̩̀ɲɔ̀ŋə́","fə̀ɲɔ̀ŋə́ / m̩̀ɲɔ̀ŋə́","fìⁿbʷáŋ / m̩̀bʷáŋ","fìŋwǎŋ / mʊ̀ŋwǎŋ","ndʒáŋ / bə̀ndʒáŋ","kə̀ndʒáŋ / bə̀ndʒáŋ","ⁿdʒáŋ / bə̀ⁿdʒáŋ","ⁿdʒāŋ / ⁿdʒáŋ","ⁿdʒáŋ / bə̀ⁿdʒáŋ","ⁿdʒáŋ / bə̀ⁿdʒáŋ","ndzáŋ / sə̀ndzáŋ","ɪ̀ndzáŋ / sə̀ndzáŋ","tsí / ø","tsí / tsə́ŋ","ǹdáŋkwálá / bàndàŋkwálá","ǹtáŋkpálá / bàntáŋkpálábū","ǹtǎː / ǹtǎːbə́","ø","m̀mʷǎŋ / m̀mʷǎŋ","ŋʷǎŋ / ŋʷǎːŋ","ágbó / bìgbó","ágbó / bígbó","ⁿbʷáŋ / bɛ̀ⁿbʷáŋ","fɪ̀ŋwǎːŋ / mʊ̀ŋwǎːŋ"
"361","gong","ɪ̀jâŋ /ɪ̀jáŋàkì","ɪ̀yàŋ /yáŋà","fə̀ⁿgə̀m / m̀ⁿgə̀m","fə̀ⁿgə̀m / m̩̀ⁿgə̀m","ɪ̀jɔ́ŋ / kə̀jɔ̀ŋ","ɪ́jɔ́ŋ / kə́jɔ́ŋə́","fə̀gɪ̀ːm / mə̀gɪ̀ːm","fə̀ŋgèːm / mə̀ŋgèːm","fə̀ⁿgə̀mtə̀ / mə̀ⁿgə̀mtə̀","fə̀ⁿgíŋⁿgíŋ / mə̀ⁿgíŋⁿgíŋ","fə̀ⁿgə̀mtə̀ / ŋ̀ⁿgə̀mtə̀","fə̀ⁿgə̀mtə̀ / ŋ̀ⁿgə̀mtə̀","fə̀ŋgə̀m / sə̀ŋgə̀m","ŋgə̀m / sə̀ŋgə̀m","tsí / ø","tsí / tsə́ŋ","ø / ø","ʊ̌tsʊ́ŋ / ʊ́tsʊ́ŋwū","ǹtàntá / ǹtàbə́","ø","ŋgə̀ / ŋgə̀","ŋgə̀m / ŋgə̀ːm","ɪ̀yɔ̂ŋ / kìyɔ̀ŋɔ̀","ɪ̀kə̀m~ɪ̀yɔ̂ŋ / ɪ́kə́mə́~áyɔ́ŋ","ɪ̀jɔ́ŋ / kə̀jɔ̀ŋə̀","ɪ́jɔ́ŋ~ɪ̀jɔ̌ːŋ / àjɔ̀ŋ~ájɔ́ŋ~kə̀jɔ̀ŋ"
"376","cutlass","àdá~kə̀dá/ɪ̀dá~ɪ̀dábî","kə̀dá~àdá / bìdá~ìdá","fə́béːlə́ / ḿ̩béːlə́","fə́béːlə́ / ḿ̩béːlə́","kə̀dʲɛ̌~kə̀dʲá~kə̀dá / bìdʲá~bìdʲɛ́","kə̀dæ̂ / bìdæ̂","fə́běːlə̄ / mə̀mběːlə̄","fə́béːlə́ / ḿbéːlə̄","fə̀béːlə́ / mə̀mbélə́m","fə̀bɪ́lə́ / mə̀mbɪ́lə́","bī / tə̄bí","bī / tə̄bī","ífɛ̂ː / sə̀fɛ̂ː","ɪ̀fɛ̂ː / sə̀fɛ̂ː","dzə̀k / dzə̂kyə̌","dzə̀k / dzə́k","ŋ̀kwòm / bàŋkwòm","ŋ̀kwɔ̀m / bàŋkwɔ̀mbʊ́","ŋ̀kɔ̄ːm / ŋkɔ̂ːmyə̌","ŋkɔ́m~ŋkɔ̂m / ŋkɔ̂myɛ̌n~ŋkɔ̂m","də̌ɦ / də̌ː","də̌ː / ḿbɛ᷇ː","ʊ̀ʃʲɛ́ / múʃáːfə́","ʊ́ʃʲɛ́ / mùnʃáhá","kə̀dá~ʊ̀ʃʲɛ́ / ʊ̀ʃɛ́~ǹ̩ʃʲɛ́fə́","kə̀dá / bìdá"
"377","knife","ʃìʃá~ʃáʃî~ɪ̀ʃá/ńʃāːm̂~ńʃā","ʃīʃʲá~ɪ̀ʃʲá / mʷɪ̄nʃʲá~ɪ̀ʃʲá","fə́sôː / ḿ̩sôː","fə̀ʃɔ̀ː / ḿ̩ʃɔ́ːlə̀","ʊ̀ʃʲɛ / kòʃʲɛ́~kə̀ʃʲɛ́","ʊ̀ʃʲé / mʊ̄nʃʲéfá","ʃɪ̀ŋ / kə́ʃɪ̂ŋtə́","ʃɪ̀ŋ / kə́ʃɪ́ŋtə́","kə̀lə́fə́ / bə̀lə́fə́","kə̀lə́fə́ / bə̀lə́fə́","ʃə̀ŋ / ʃə̂ŋ","ʃə̀ŋ / ə́ʃə̂ŋ","fə̀ɲʲə᷇ / m̀ɲʲə᷇","fə̀ɲʲə᷇ː / m̀ɲʲə᷇","átʃú / bítʃú","áyɔ̂n / ø ~ átʃú / bítʃú","kìkàːlə́ / bìkàːlə́","kɪ̀kàːlə́ / bìkàːlə́bī","tʃʊ̄k / tʃʊ̄kbɛ́n","ø","sə̀ŋ / sə̂ŋ","sə̀ŋ / sə́ŋ","òkómə́ / bə̀òkómə́","ʊ̀kʊ́mə́ / kíkʊ̀mə́","fìkóm / ŋ̩̀kɔ̀fə̀~fīkɔ́fə́","ʊ̀ʃʲé / àʃʲé"
"378","axe","ɪ̀tám / ɪ̀támə́kɪ̀","ɪ̀tám / kītámó~-ìtámó","tɪ́ / kə̀tɪ́ːlə́","té / kə̀téːlə́","ɪ̀tám / kə̀tám","ɪ̀tám / kə̀támnə́","tím / kə̄tímtə̂~kə̀tímtə́nə̄","tsɪ́m / kə̀tsɪ́mtə́","ti᷇ːm / tə̀ti᷇ːm","ti᷇ːm / tə̀tímkpə̄","tə́m / tə̀tə́m","tə́m / tə̀tə́m","ìfú / sə̀fú","ɪ́fʊ́ / sə̀fʊ́","zɪ̂ŋ / bʊ̀zɪ̂ŋ","àzîŋ/bízîŋ ~ zɪ̂ŋ / bùzi᷇ŋ","kìwə́lə́nàálə̀","kɪ́wə́lə̄ / bíwə́lə̄bí","yùàn / yùànyə́","yúán nɛ̀sɛ́ː / ø","tʃə́m / tʃə́m","tʃə́m / tʃə́m kō","ɪ̀tám / kítámə́","ɪ́tám / kítám","ɪ̀tám / kə̀tám","ɪ̀tám / kə̀tám"
"383","pot","ʃìsáhá~ɪ̀sáhá / ǹsáhám̄~ńsáhá","ʃīsáhá / kīsáhá~mʷɪ̀nsáhá","ⁿkò~fə̀ⁿkò / àⁿkò","ⁿkò / àⁿkò~àⁿkòlə̀~m̩̀kò","sàhàpɔ̂ / bə̀sàhàpɔ̂","ⁿtísə́ / bə̀ⁿtísə́","pʲêsə̀ / tʃʲêsə̀","pʲêsə̀ / kə́pʲêsə̀nə́","ʃʉ᷇ː~lùŋgá / tə̀ʃʉ᷇ː~bə̀lùŋgá","ʃʲø̄ / tə̄ʃʊ᷇ː","kpîː / tîː","kpîː / tsîː","tɔ̀ʲ / sə́tɔ̀ʲ","tɔ̀ɪ̀ / sə́tɔ̀ɪ̀","ákáŋkìntʃə́m / bíkáŋbìntʃə́m","ákáŋkìntʃə́m / bíkáŋbìntʃə̄m","ŋ̀làm / bànlàm","ǹlàm / bànlàm","fwɛ́ / fwɛ́kə́","tāsātyǒː / tásātyǒbə́","kpè / tʃê","kpêː / tsêː","ŋ̀kʲɛ̀hɛ̀ / bə̀ŋ̀kʲɛ̀hɛ̀","ŋ̀kɛ̀hɛ̀ / bə̀ŋ̀kɛ̀hɛ̀","sàhàpo᷇ː / bɛ̀sàhàpo᷇ː","fìnsʊ᷇ː~sàhàpɔ̂ / mʷɪ̂nsʊ᷇ː~mʷə̀nsʊ᷇ː~m̩̀sàhàpɔ̂"
"426","umbrella","àbákɛ̀~kə̀bákkō/ɪ́bákkə́bî~ɪ̀bákɛ̄","kə́bákkō / bíbákō","kə̀bâʔ ~ bâʔà / bə̀bâʔ~ báʔà","kə́bâʔ / bə́bâʔ","kə̀nónɛ̀bʷɪ́kɔ̀ŋɪ̀bʷúkɛ̂~ómbrélà́/bìnónɛ́bʷɪ́kɔ̀ŋɪ̀bʷúkɛ̂~ómbrélàs","kə̀ⁿbɑ́ / bìⁿbɑ́","kə́bã̂ə̃́~kə́bâŋə́ / bə́bã́ːə̃́~bə́bâŋə́","kə́bã̂ə̃́~kə́bàŋə́ / bə́bã̂ːə̃́","fə́ⁿgófə̄ / mə́ⁿgófə̄","fə́ⁿgʊ́fə̄ / mə́ŋgʊ́fə̄","kə̀bɒ̂ː / bə̀bɒ̂ː","kə́bɒ̂ː / bə́bɒ̂ː","kə̀bâʔ / ʊ̀bâʔ","kə́bâʔ / ʊ́bâʔ","nsɔ̀k / bʊ̀nsɔ̀k","nsɔ̀k / bʊ̀nsɔ̀k","ŋ̀wɛ̀ː / bàŋwɛ̀","ŋ̀wɛ̀ː / bàŋwɛ̀bʊ́","bà / bâːbə̌","bà / bâbə̌","nʊ᷇ːŋdzə́ŋ / ndʒɔ᷇mdzə́ŋ","ɔ́mblɔ̌rà / ámblǎdà","ábə́lə̄ / bíbə́lə̄","ábɛ̂ː / bíbɛ᷇ː","kə̀tòɪ̄bʷū~kə̀ⁿbǎːnìbʷū/ bìtòɪ̄bʷū~bìⁿbǎːnìbʷū","kə̀ⁿbǒːɪ̄bʷū / bìⁿbǒːɪ̄bʷū"
"429","cup","ɪ̀bʷôm / ɪ̀bʷòmòkɪ̀","ɪ̀bʷòm / kìbʷòmò","fə̀ʃʲə́ː / m̩̀ʃʲə́","fə̀ʃʲéːfə́ / m̩̀ʃʲéːfə́","ɪ̀bʷóm~kɒ́p / kə̀bʷə̀mə̀~bə̀kɒ́p","ɪ̀bʷôm / kə̀bʷômmə́","dʒém / kə́dʒêmtə́","dʒʲém / kə́dʒʲémtə́","bàːsə̀ / báːsə́","bàsə̀ / básə́","bʷàm / bʲàm","bʷâm / bʲâm","wùò / sə́wùò","wùə̀ / sə̀wùə̀","só / sóŋ","nsó / sɔ́ŋ","ø / ø","ø / ø","ǹʃáŋ / ǹʃáŋbə́","ø","bɛ̀ / bɛ̂ː","bɛ̀ / bɛ̀ː","ɪ̀bə̀m / kìbə̀mə̀","ɪ̀bə̂m / kìbàmà","ɪ́bʷóm / kə̀bʷòmə̀~àbʷòmə̀","ɪ̄bʷóm / kə̀bʷòm~kə̀bʷɔ̀m"
"430","broom","òjám~ʊ̀jám / ɪ̀jámókɪ̂","ʊ̀jám / kìjámmó","fə̀sɔ́ŋ / m̩̀sɔ́ŋ","fə̀sɔ́ŋ / m̩̀sɔ́ŋ~m̩̀sɔ́ŋnə́","ʊ̀jám / kə̀jám","ʊ̀jə́m / kə̀jə́mə́","dʒá / kə́dʒáːtə́","dʒáː / kə̀dʒátə́","gʲɛ́lə́ / tə̀gʲɛ́lə́","gɣélə́ / tə̀gɣélə́","gíà / tə́gíà","gíá / tə́gíá","sáŋàsə̀ / sə̀sáŋà","ɪ́sáŋà / sə́sáŋà","bɔ́ / bɔ́ŋ","bɔ́t ~bɔ́r / bɔ́ŋ ~ bɔ́","ʊ́gʊ́sə̀ / ígʊ́sə̀","ʊ́gʊ́sə́~ógʊ́sə́/ʊ́gʊ́sə̄wú~ɪ́gʊ́sə́","gʊ̂ / gʊ̂wə̌","gʊ̂","bíá / bíá","bʲá / dzá","ʊ́yə́m / ʊ́yə́mə̀sə́","ʊ́yə́m / kíyámá","ʊ̀jám / àjám","ʊ̀jə́m / ɪ̀jə́m~àjə́m"
"433","fire","ógóhʊ́~ógʊ́hʊ́~ʊ́gʊ́hʊ́/ɪ́gʊ́hʊ̀","ʊ̀gʊ́hʊ́ / kɪ̄gʊ́hʊ̀~ìgʊ́hʊ́","gʷâsə̀ / kə̀gʷâsə̀","gʷâsə̀ / kə̀gʷâsə̀","ʊ̀wɛ́hɛ́ / kə̀wɛ́hɛ́","ʊ̀wɛ́hɛ́ / ɪ̀wɛ́hɛ́","gə́sə̀ / ø","gə̂sə̀ / kə́gə̂sə̀nə̀","gbvə̄ / gbvə́","gvə̄ / tə̀gvə̄tə́","ɥîː ~ ɥɪ̂ː","ɥɪ̂ / tə́ɥɪ̂","ʊ̄wʊ᷇s / m̀wʊ᷇s","ʊ́wús~wu᷇ːsʊ̄ / wúsmə̄","átíkíáʃwáp / bítíbiʃwáp","átíkáːʃwáp / bítíbʊ́aʃwáp","kìkám ~kìkámíbá / bìkám~ bìkámbíbá~kìkámkìkɔ̀hɔ̀nsə́","kɪ́kám / bíkámbī","ŋ̀kʊ́/ ŋkʊ́bə́","kyáʔŋmɔ́ːtà / kyáʔŋmɔ́ːtà","gʊ̂ / gʊ᷇","gʊ̂ː / gʊ̂","ʊ́wɛ́hɛ́ / kíwɛ́hɛ́","ʊ́wɛ́hɛ́ / kìwɛ́hɛ́","ʊ̀wóhó / kʊ̀wóhó~àwóhó","ʊ̀wʊ́hʊ́ / ɪ̄wʊ́hʊ́"
"434","gun","ógóhó~ʊ̀gʊ́hʊ́/ɪ́góhó~ɪ̀gʊ́hʊ́~ɪ́góhʊ́kɪ̀","ʊ̀gʊ́hʊ́ / kɪ̄gʊ́hʊ̀~ìgʊ́hʊ́","gʷâsə̀tám / kə́gʷâsə́tám","gʷâsə̀tám / kə̀gʷâsə̀kə́tám","ʊ̀wɛ́hɛ́ / kə̀wɛ́hɛ́","ʊ̀wɛ́hɛ́ / ɪ̀wɛ́hɛ́","gə́sə̀ / kə́gə̂sə̀nə́~kə́gə́sə̀nə́","gə̂sə̀tə́mnə́ / kə́gə̂sə̀nə̀kə́tə́mnə́","gbvə́tə́mnə́ / tə̀gbvə̀tə́tə̀","gvə́ / tə̀gvə̄tə́","ɥîː / tə́ɥɪ̂","ɥɪ̂ / tə́ɥɪ̂","ʊ́wʊ́s / m̀wʊ̂s","ʊ́wu᷇s / ḿwu᷇s","fʊ̂k / fʊ̂k","fʊ̂k / fʊ̂k","kìtěbúmə̂m / bìtěbúmə̂m~","ʊ̀fìː / ɪ̀fìːyí","fyáŋ / fyāŋkə́","fyáŋ / fyāŋkə́","gʊ̂ / gʊ̂","gʊ̂ː / gʊ̂ː kô","ʊ́wɛ́hɛ́ / kíwɛ́hɛ́","ʊ́wɛ́hɛ́ʊ̀tàmá / kíwɛ́hɛ́ʊ̀tàmá","ʊ̀wóhó / ɪ̀wʊ́hʊ́~àwʊ́hʊ́","ʊ̀wʊ́hʊ́ / ɪ̄wʊ́hʊ́"
"587","cap","kə̀fôm~àfôm / ɪ̀fômbî","kə̀mfʷôm / bìmfʷôm","kə̀fʷólə́ / bə̀fʷólə́","kə̀fɔ́lə́ / bə̀fɔ́lə́","kə̀nə́kʷú / bìnə̂kʷú","kə̀ntàŋ / bìntàŋ","kə̀fóːnə́ / mə̀mfómnə́","kə̀fóːnə́ / bə̀fóːnə́","kə̀fə́~kə̀fə́lə́ / bə̀fə́lə́","kə̀fə́lə́ / bə̀fə́lə́","kə̀fó / bə̀fó","kə̀fó / bə̀fó","kə̀tàŋə̀ / ʊ̀tàŋə̀","kə́tàŋə̀ / ʊ́tàŋə̀","ákpéɣ / bíkpé ~ ákpák / bíkpák","ákpə́ / bíkpə́","kìkpɛ̀ / bìkpɛ̀","kɪ́kpɛ̂ː / bíkpɛ́ːbí","kpāʔ / kpáʔbə́","kpáʔá~kpàʔà / kpáʔábɛ́n~kpàʔà","fo᷇ː / fo᷇ː","fôː / fo᷇ː bóɦ","àŋkʲàŋ / bìŋkʲàŋ","àŋkʲàŋ / bìŋkʲàŋ","kə̀nʊ̂kʷū~ànʊ̂kʷū / bìnʊ̂kʷúː~ɪ̀nʊ̂kʷúː","kə̀nʊ̂kʷʊ̀lʊ́ / bìnʊ̂kʷʊ̀lʊ́"
"613","fireside","átʊ̀hʊ́ / àtʊ̀hʊ́fʷɪ̂","átʊ́hʊ́ /kɪ̀tʊ̀hʊ̀","kɥágʷâsə̀ / kɥálə́kə́gʷâsə̀","kɥágʷâsə̀ / kɥálə́kə́gʷâsə̀","ɪ̀tíʊ̀wɛ́hɛ́ / kə̀tìwɛ́hɛ́","ɪ̀tíʊ̀wɛ́hɛ́ / àtíʊ́wɛ́hɛ́","fə́tùə́ŋ / mə̀túə́ŋ","fə́tùə́ŋ / bə́tùə́ŋ","fə́tú / tə̀túə̀","fə́tú~túə̄ / tə́túə̄","fə́tɔ́ŋ / bə̀fə́tɔ́ŋ","fə́tɔ́ŋ / tə̀tɔ́ŋ","ɪ́tí ~ tíwù / sə̀tí ~ tíwù","ɪ̀tí / sə̀tí","tə́ʊ́mʊ̀nsʊ́n / tágnʊ́mʊ̀nsʊ́nʊ́","tə̄wɪ̄mʊ̂nsʊ̌n / táknʊ́mʊ̂nsʊ́","ínə́sə́ / ánə́sə́","øø","ɲɛ̂~ɲɛ̂tótʊ̄ / ɲɛ̂~ɲɛ̂tótʊ̀kə̌","ɲɛ́~ɲɛ̀ / ɲɛ̄kə́~ɲɛ̀","tʃʲɔ́ŋ / tʃʲɔ̄ŋ","tʃɔ᷇ːŋ / tʃɔ᷇᷇ːŋ","fə́tʊ̀fə́ / bə̀fə́tʊ̀fə́","ʊ́sɛ́hɛ́~ásɛ́hɛ́~ɪ́sɛ́hɛ́ / ɪ́sɛ́hɛ́~àsɛ́hɛ́","ɪ̀tì~kə̀tí / bìtí~àtíwúhú","ɪ̀tíwʊ́~ɪ̀tíwʊ́hʊ́ / ātíwʊ́hʊ́~kə̀tíwʊ́hʊ́"
"649","house","òkpɪ́~ʊ́kpɪ́ / ɪ́kpɪ᷇ː","ʊ̀kpɪ́ / kīkpɪ́~ɪ̀kpí","vùò / kə̀vúólə́","vʷòl / kə́vʷólə́","ʊ̀kpó / kə̀kpó","ʊ̀kpə́ / ɪ̀kpə́","gbâ / kə́zâːtə́~kə́dᶻâːtə́~kə́dᶻâːtə́nə́","gbâː / kə́záːtə́~kə́dzáːtə́","jʊ̀ː / jʊ́","jʊ̀ / jʊ́","bíà / zíà","bíà / zíà","ndɛ᷇ː / sə̀ndɛ̄ː","ndɛ́ / sə́ndɛ́","àmbáŋ / bìmbáŋ","àmbāŋ / bìmbāŋ","kìwɔ́hɔ́ / bìwɔ́hɔ́","ʊ̀fə̌nkɪ̀wóhó / ʊ̀fə̌nkɪ̀wóhókɪ̄","ŋwɔ̀ŋ / ŋwɔ̀ŋbə̌","ʃɛ̂gbâ / ʃɛ̂gbâkə́","gbò / dzò","gbôː / dzôː","ʊ́kpɪ́ / ɪ́kpɪ̂sə́","ʊ́kpé / ɪ́kpé~ɪ́kpéyɛ̂","ʊ̀kpó~fìntɛ̀nə́ / ʊ̀kpó~ɪ̀kpó","ʊ́kpó / àkpó~ɪ́kpó"
"668","goat","ɪ̀bʷɪ́ / ɪ̀bʷɪ̂ː~ɪ̀bʷɪ́hɪ̀","ɪ̀bʷɪ́ / ɪ̄bʷɪ́","bʷə̀~bʷóə̀ / bwə́yə̄~bwə́lə́kə̄~kə̀bʷə́lə́","bʷə̀ / kə́bʷólə́","ɪ̀bʷɪ̌ / ɪ̀bʷɪ́","ɪ̀bʷɪ́ / ɪ́bʷɪ́","dʒʊ̌ː / kə̀dʒʊ̌ːtə́ ~ dʒʊ́","dʒʊ̌ː / kə̀dʒʊ́ːtə́","dzū / dzú","dzū / dzú","mə̀ / mə́","mə̄ / mɛ́ ~ mə́","βə́ / sə̀βə̂","βə̄ / sə̀βə᷇ː","ʃɔ̄ŋ / ʃɔ́ŋ","ʃɔ̄ŋ / ʃɔ́ŋ","ǹdzɛ̀ / bànsdzɛ̀","ndzɛ̀ / bàndzɛ̀bʊ́","ndzə̀l / ndzə̀lbə̌","ǹzɛ̀l / ǹzɛ̂lyə́","dʒǔ / dʒú","dʒǔː / dʒú","ɪ̀bɪ́ / kɪ́bɪ́ːlə́~ɪ́bɪ́ːlə́","ɪ̀bě / ɪ́bé","ɪ̀bʷɪ̌ː / ɪ́bʷɪ́","ɪ̀bʷɪ́ / ɪ̄bʷɪ́~kə̀bʷɪ́lɪ́"
"670","pig","ɪ̀wɔ̀ŋ / ɪ̀wɔ́ŋŋɛ̀","ɪ̀wɔ̀ŋ / ɪ̄wɔ́ŋ","kə̀ⁿgʷònə́ / bə̀ⁿgʷònə́","kə̀ⁿgʷə̀nə̀ / bə̀ⁿgʷə̀nə́","ɪ̀gɔ̀ŋ / ɪ̀gɔ́ŋ~kə̀gɔ́ŋ","ɪ̀gɔ̀ŋ / ɪ́gɔ́ŋ","kə̀fí / bə̀fí","kə̀fí / bə̀fí","kə̀fʲə́ / bə̀fʲə́","kə̀fʲə́ / bə̀fʲə́","kə́fɥí ~ bə́fɥí","kə̀fɥí ~ bə̀fɥí","kə̀pfə̀ndúŋ / ʊ̀pfə̀ndúŋ","kə̀pfə̀ndʊ́ŋ / ʊ̀pfə̀ndʊ́ŋ","ɲyàm / ɲyâm","ɲàm / ɲâm","ɪ̀ʃà / ɪ́ʃâː","ɪ́ʃáyī / ø~ɪ̄ʃà/ɪ̀ʃâyí","ɲâm / ɲâmyə̌",NULL,"kúɲàm / kúɲàm","kúɲàm / kűːɲàm","ɪ̀wʊ̀ŋ / ɪ́wʊ́ŋ","ɪ̀wʊ̀ŋ / ɪ́wʊ́ŋə̄","ɪ̀wɔ̀ŋ / ɪ̄wɔ́ŋ","ɪ̀wɔ̀ŋ / ɪ̄wɔ́ŋ~ɪ́wɔ́ŋ"
"672","sheep","ǹzà / nzàbʷə́mbʷî","ǹzàː / bʷɪ̀nzàː","ⁿdʒì / àⁿdʒì","ⁿdʒì / àⁿdʒì","ǹdzònə̀~ndzònò / bə̀ndzònə̀","ndzònə̀ / bə̀ndzònə̀","ndzèːlə̀ / bə̀ndzèːlə̀","ndzèːlə̀ / bə̀ndzèːlə̀","sɔ̀ŋ / bə̀sɔ̀ŋ","sɔ̀ŋ / sɔ̀ŋ","ʃɔ̀ŋ / ʃɔ̂ŋ","kə́ʒíá / ʃɔ̂ŋ","ndzə̀ɣ / sə̀ndzə̀ɣ","ndzə̀ɣ / sə́ndzə̀ɣ","tsə̌m / tsə́m","tsə̌m / tsə́m","kìntsɛ́ŋɛ̂ː / bìntsɛ́ŋɛ̌ː","ɪ̀ʃà / ɪ̀ʃáyī","ǹtsǎːŋ / ǹtsàŋbə́","kàm / kâmyə̌~kâm","ndzʲè / ndzʲê","ndzə̀ / ndzə̀ bɒ́","ndzàlə̀~ndzàː / bə̀ndzàːlə̀","ndzàː / ndzàlə̀","ⁿdzònə̀~ⁿdzònò / bɛ̀ⁿdzònò","ⁿzòːnə̀ / bə̀ⁿdzòːnə̀"
"673","cat","ʃìbʊ̂s / m̀bʊ̂sm̂","ʃìbʊ̂s~ìbʊ̂s / mʊ̀ⁿbʊ̂s","fə̀dàmʊ́ʔ / m̩̀dàmʊ́ʔ","fə̀dàmʊ́ʔ / m̩̀dàmʊ́ʔ","fìbûs / m̩̀bûs","fìbûs / mʊ̀mbûs","fə̀búsə́ / mə̀búsə́","fə̀búsə́ / mə̀mbúsə́","fə̀mə́sá / mə̀mmə́sá","fə̀mə́sá / mə̀mə́sá","fə̀mó / m̀mó","fə̀mʊ́ / ŋ̀mʊ́","fə̀tàmbʊ́ʔ /  m̀tàmbʊ́ʔ","fə̀tàmʊ̂ʔ /  m̀tàmʊ́ʔ","dzə̀k / dzə̂k","dzə̀k / dzə᷇k","ìzè / ízêː","ɪ̀zè / ɪ̀ze᷇ːyí","zàk / zâgyə̌","zàk~zàg / zǎgbə̌~zâg","mɥɪ̌n / mɥɪ̌n","mwɪ̌ː / mwɪ̌ː","ʃìbʊ̂s / mʊ̀mbʊ̂s","ʃìbûs / mùmbûs","fìbʊ̂s~ìbúsì / mʊ̀bûs","fìbûs / m̜̀bûs~mʷɪ̀ⁿbûs"
"674","animal","ɪ̀ʃì / ɪ́ʃîː","ɪ̀ʃì / kɪ̄ʃí~ɪ̄ʃí","fúò / kə̀fúólə̀~fúó","fɥò / kə́fɥóːlə̀","ɪ̀fì / ɪ̀fí","ɪ̀fìː / ɪ̀fí~ɪ̀fî","ɲàm / kə́ɲâmtə́","ɲàm / kə́ɲámtə́","ɲàm / ɲám","ɲàm / ɲám","ɲʷàm / ɲʷâm","ɲʷàm / ɲʷâm","ɲàm / sə̀ɲâm","ɲàm / sə̀ɲa᷇ːm","àmfʊ̀ / bìmfʊ̀","fìmgbʊ̀fʊ̀ ~ amgbùfù / mùmgbʊ̀fʊ̀ ~  bìmgbùfù","kínɛ᷇ŋ / bínɛ᷇ŋ","kɪ́nɛ᷇ːŋ / bɪ́nɛ᷇ːŋbí","mgbʊ̀ / mgbaʊ̀bə́","ø","sò / ɲʲâm","sòɦ / ɲâm","ɪ̀ʃìː / kíʃílə́","ɪ̀ʃì / kɪ́ʃílə̄~ɪ̀ʃí","ɪ̀fìː / kə̀fí~àfíːlə̀","ɪ̀fì / ɪ̀fí"
"687","horse","kə̀ŋkéɲàm / ɪ̀ŋkə́ɲàmbî","kə̀ŋkèɲàm / bìŋkèɲàm~ŋkéɲàm","kə̀ⁿkàɲàm / bə̀ⁿkàɲàm","kə̀ⁿkàɲàm / bə̀ⁿkàɲàm","kə̀ŋkéɲàm / bìŋkéɲàm","kə̀ŋkéɲàm / bìŋkéɲàm","kə̀kàɲàm / bə̀kàɲàm","kə̀kàɲàm / bə̀kàɲàm","kàɲàm / bə̀kàɲàm","kə̀kàɲàm / bə̀kàɲàm","kə̀kʊ̂m / bə̀kʊ̂m","kə̀kʊ̂m / bə̀kʊ̂m","kə̀kèɲàm / ʊ̀kèɲàm","kə̀kêːɲàm / ʊ̀kêːɲàm","dzə̀m / dzə̂m","dzə̀m / dzə̂m","ø / ø","ø / ø","gbə̀ŋ / gbə̂ŋyə́","gbə́ŋ / ø","kɔ́m~kɔ̄m / kɔ́m~kɔ̄m","kɔ᷇ːm / kʷɔ᷇ːm","àŋkèɲàm / bìŋkèɲàm","àŋkèɲàm / bìŋkèɲàm","kə̀ŋkêɲàm~ àŋkêɲàm / bìŋkéɲàm","kə̀ŋkéɲàm / bìŋkéɲàm"
"694","fish","ɪ̀sʊ̀/ɪ̀sʊ̀kì~ɪ̀sʊ̀wɛ̀~ɪ̀sʊ̀ɛ̀","ɪ̀sʊ̂ / ɪ́sʊ̂","ⁿdʒù / àⁿdʒú","fə̀ⁿdʒʊ̀fə̀ / ábʲâ~m̩̀ⁿdʒʊ̀fə̀","ɪ̀ʃù~ìʃʊ́ / ɪ́ʃû~íʃū","ɪ̀ʃû / ɪ́ʃú","bîːyə̌ŋ / bîːtə́kə́yə̌ŋ","bîːyə̌ŋ / kə́bi᷇ːtə́nə́kə́yə̌ŋ","tʃʷʊ́m / bə̀ⁿtʃʷʊ́m","ⁿtʃʷʊ̀m / bə̀ⁿtʃʷʊ́m","ǹtùmə̀ / bə̀ntùmə̀","tʃūmə̀ / bə̀ntʃūmə̀","kə̀mbʷò / ʊ́mbʷò","kə́mbʷò / ʊ́mbʷò","ø / ø","ø / ø","ø / ø","ø / ø","ŋgʊ̀nʊ́ / ŋgʊ̀nʊ́bə́","ø","bî / bî","bî / bî̂","ɪ̀sù / ɪ́sû","ɪ́sù~ìsù / kɪ́sû~kìsù~ɪ́sú","ɪ̄ʃū / ɪ́ʃûː","ɪ̀ʃú / ɪ̀ʃù~kə̀ʃùlə́"
"728","lizard","àkʊ̀nə̀~kə̀ŋkʊ̌ːn / ŋ̀kʊ̌ːnbî","kə̀ŋkʷón / bìŋkʷón","wáⁿgāŋ / àwáⁿgāŋ","wáⁿgāŋ / àwáⁿgāŋ","bòkɔ̀m / bàbòkɔ̀m","ʊ̀bè / bə̀bè","mkpé / bə̀mkpěː","m̀kpéː / bə̀mkpéː","tûlə̀ / bə́tûlə̀","túlə̄ / bə́túlə̄","kə̀ntɔ̂ŋ / bə̀ntɔ̂ŋ","kə̀ntɔ̂ŋ / bə̀ntɔ̂ŋ","kə́kɔ̂ʲ / úkɔ̂ʲ","kə́kɔ̀ʲ / ʊ́kɔ̀ʲ","fítúlə̄ / bítúlə̄~bítúrə̄~múntúrə̄","àntúrə̀~fítúlə̄~fítúrə́/ bìntúrə̀~bítúrə̄~múntúlə́~múntúrə́","fìŋkòːnə́ / mùŋkòːnə́","ø / ø","ʃìda᷇ːm / ʃìda᷇ːmbə̌","ø","ŋgɛ̀ː / ŋgɛ̀","ŋgɛ̀ː / ŋgɛ̏ː bɒ́ɦ","ʃìŋkʷàn / mùnkʷàn","àŋkʷàn / bìŋkʷàn","bòkɔ̀m / bɛ̀bòkɔ̀m~àbòkɔ̀m","bɔ̀kɔ̀m / bɛ̀bɔ̀kɔ̀m"
"740","bird","ʃíɲʊ̂ŋó / ń̩ɲʊ̂ŋóm̄","ʃìŋɲʊ̂ŋhõ̌ / mʊ̀nɲʊ̂ŋhõ̌","fə́ɲɔ̂ŋ / m̩̀ɲɔ̂ŋ","fə́ɲɔ̂ŋ / ḿ̩ɲɔ̂ŋ","fíɲɛ̀ɛ̄~fɪ́ɲa᷇ː / ḿɲɛ̀ɛ̄ ~ ḿɲa᷇ː","fíɲa᷇ː / mʊ́ɲa᷇ː~mʊ́ɲànə́","fə̀núə̄n / mə̀núə̄n","fə̀núə̄ːn / mə̀ɲúə̄n","fə̀nə̌ːn / mə̀nnə̌ːn","fə̀nə̌ːn / mə̀nə̌ːn","kə́ɲʷɛ̂ɲ / bə́ɲʷɛ̂ɲ","kə́ɲúɛ̀ɲ / bə́ɲúɛ̀ɲ","fə̀ɲə̂m / m̀ɲə̂m","fə̀ɲə᷇m / m̀ɲə᷇m","kʊ̀n / kʊ̂n","kʊ̀n / kʊ̂n","ɪ̀ɲàm / kìɲámnə̄","fíɲa᷇ːm / áɲa᷇ːmmū~múɲámfə́","n̄tāŋ / ǹtāŋbə́","ǹtǎŋ / ǹtǎŋbə́","ɲʷâɲ ~ ɲʷɒ̂n/ ɲʷâɲ~ ɲʷɒ̂m","ɲâɦn / ɲɒ́ɦm","ʃíɲʷə̂nə́ / mʊ̀nɲʷə̂nə́","ʃíɲʊ̂nə́ / mʊ́ɲʊ̂nə́","fíɲâá / ḿ̩ɲâá","fíɲàâ / mʊ́nɲàâ"
"741","owl","ʃìntʊ̀ŋkô / ǹtʊ̀ŋkôm̀","ʃìntʊ̀ŋkʷô /mùntʊ̀ŋkʷô","kə́gʷûː / bə́gʷûː","kə́gʷû / kə́gʷûːlə̀","fìntʊ̀ŋkʊ́lʊ̀ / m̩̀tʊ̀ŋkʊ́lʊ̀","kə̀ntʊ̀ŋkʷə́lə̀ / bìntʊ̀ŋkʷə̀lə́","kə̀ntə̀kə́nə̀ / bə̀ntə̀kə́nə̀","kə̀ntə̀kə́nə̀ / bə̀ntə̀kə́nə̀","gʊ́ŋə̀ / bə́gʊ́ŋə̀","gʊ́ŋə̀ / bə́gʊ́ŋə̀","kə́wʊ̂ŋ / bə́wʊ̂ŋ","kə́wə̂ŋ / bə́wə̂ŋ","ɲə̂mfə́wʊ̂ŋkə̀~kə́kʊ́l/ɲə̀mwʊ̂ŋ~ʊ́kʊ́l","kə̀ɣʊ̂ŋ / ʊ̀ɣʊ̂ŋ","ǹʃàn / ʃâːn","ǹʃān / ńʃán","kìsàŋ / bìsàŋ","bísâŋ / bísáŋbí ~ kìsàŋ / bisàŋbí","sə́ŋ / sə̄ŋbə́","ø","ǹtsʊ̌ŋkɥɪ́n / ǹtsʊ̌ŋkɥɪ́n","ǹtsʊ̌ŋkɥɪ́n / ǹtsʊ̌ŋkɥɪ́n bó","ʃìntʊ̀ŋkʷɛ̂ / mʊ̀ntʊ̀ŋkʷɛ̂","ʃîɲʊ̂nə́bútsé ~ ʃìntʊ̀ŋkʷɛ̂ / múɲʊ́nə́bútsé ~ mʊ̀ntʊ̀ŋkʷɛ̂","fìntʊ̀ŋkʊ́lə̀ / m̩̀tʊ́ŋkʊ́lə̀","fìntʊ̄ŋkʊ́lʊ̀ / mʊ̀ŋtʊ̄ŋkʊ́lʊ̀"
"747","fowl","ɪ̀ʃʲê / ɪ̀ʃʲêhɛ̀","ɪ̀ʃʲê / ɪ̄ʃʲé","ʃì / kə́ʃîlə̀","ʃì / kə́ʃîlə̀","ɪ̀ʃʲɛ̄ / ɪ̀ʃʲɛ́","ɪ̀ʃʲé / ɪ̄ʃʲé","ʃí / kə́ʃîːtə́","ʃī / kə́ʃītə́","dʒʷə̀n / dʒʷə́n","dʒʷə̄n / dʒʷə́n","ʃì / ʃî","ʃì / ʃî","mbvə̄ / sə̄mbvə̄","mbvə́ / sə́mbvə́","gí / gə́ŋ","gí / gə́ŋ","ìyì / àyì","ɪ̀yìː / áyíːwú","yə̄ŋ / yə̄ŋkə́","yə́ŋ / yə́ŋkə́","ʃī ~ ʃí / ʃī","ʃī / ʃí","ɪ̀ʃʲɛ̂ / ɪ́ʃʲɛ́","ɪ̀ʃʲɛ̂ / ɪ́ʃʲɛ́ ~ ɪ́ʃáhā","ìʃʲɛ̄ / īʃʲɛ́","ɪ̄ʃʲɛ́~ɪ̀ʃʲɛ́ / ɪ̀ʃʲɛ́ ~  ɪ́ʃʲɛ́"
"751","egg","ɪ́jî / áŋjî","ɪ̀jì / ŋmə̀njì","ʒí / áʒí","ʒí / kə́ʒílə́","ɪ̀ɲì / kə̀ɲìlə̀~kə̀ɲìː","ɪ́ɲī / áɲī","yɪ᷇ːŋ~yi᷇ːŋ / kə́yɪ̂ŋtə́","yə́ŋ / kə́yə́ŋtə́","gǐː / tə̀gǐː","gí~gī / tə̀gí~tə̀gǐː","ⁿgə́nə́ / ⁿgə́","ⁿgə́nə́ / ⁿgə̄ ~ ŋ̄ⁿgə̄","ìɣôm / ə̀ɣôm","ɪ́ɣo᷇ːm / ə̀ɣo᷇ːm","ø / ø","ø / ø","kìtsə̌n / bìtsə̌n","kpɪ́ŋkpɪ́ŋ / bàkpɪ́ŋkpɪ́ŋ","ɠʲʊ́ŋƙɥóƙɥó / ɠʲʊ́ŋƙɥǒkɥòbə̌","ndʒɔ̀ṃ / ndʒɔ̂ṃbə̌","yə̄ŋ / yə̄ŋ","yə̄ŋ / yə́ŋ","ɪ̀ɲìː / àɲìː","ɪ̀ɲì / àɲì","ɪ̀ɲî / kə̀ɲî~àɲî","ɪ̀ɲî / áɲî~kə̀ɲílə́"
"752","feather","kə́bə́lō / ɪ̀bə́lə́bî","kə̄bə́lō / bībə́lō","vúlə́ / kə̀vúlə́","gʷâɲnə̀ / kə́gʷâɲnə̀","kə̀wə́nnə́ / bìwə́nnə́ ~ ìwə́nə́/kə̀wə́nə́","ɪ̀dʒʊ́lə́ / kə̀dʒʊ́lə́~ádʒʊ́lə́","kə́be᷇ː / mə́mbe᷇ːm","kə́be᷇ː / kə́be᷇ːtə́","gʷə̂n / tə̀gʷə̂ntə̀","gʷə᷇ːn / tə́gʷə᷇ːntə̄","wúnə́ / dɥɪ̃̂","kə́bêʲ / bə́bêʲ","ìwʊ̂l / sə̀wʊ̂l","ɪ́wúlə̀ / sə̀wúlə̀","fíŋkʊ́ŋ / múŋkʊ́ŋ","ŋ̀kʊ̀n / bʊ̀ŋkʊ̀n","ìɲàːm / kìɲāːmnə̄","fíɲáːfə̄ / múɲáːfə̄","n̄tāŋ / n̄tāŋbə́","ǹtǎːŋ / ǹtǎŋbə́","gʷɪ̂n / gʷɛ̂n","wɪ̂ːn / gʷɛ̂ːn","ɪ́dʒʊ́lə́ / kɪ́dʒʊ́lə́","ɪ̀bìlə̀~ábí / bíbílə̄~bìbílə̄","kə̀bə́lə̄~àbə́lə̄ / bìbə́lə̄~ɪ̀bɪ́lɪ̀","ɪ̀zɛ́bə́ / àzɛ́bə́~kə̀zɛ́bə́~ɪ̀wə́nə́/kə̀wə́nə́"
"783","grasshopper","kə̀ⁿdʒám / ɪ̀ⁿdʒámbî","kə̀ⁿdʒám / bìⁿdʒám","vɥʊ̈̀nə́ / vɥʊ̈́nə́~kə̀vǘnə́","kə̀ⁿgbʊ̀ / bə̀ⁿgbʊ̀","kàkà / bə̀kàkà","kə̀mfã̌ː / bìmfã̌ː ~ kə̀jo᷇ː / bìjo᷇ː","kə̀ⁿgáːmə́ / bə̀ⁿgáːmə́","kə̀ⁿgáːmə́ / bə̀ⁿgáːmə́","ⁿgíŋ / ⁿgíŋⁿgə́lə̀","ⁿgíŋⁿgə́lə̀ / bə̀ⁿgíŋⁿgə́lə̀","kə́tâɲ / bə́ntâɲ","kə́ntâɲ / bə́ntâɲ","kə́tsú / ùtsú","kə́tsʊ᷇~kə́tsʊ́ / sə̀tsʊ᷇ː~ʊ́tsʊ́","dzzə̄ / dzzə̂","ǹdzê / ńdzê","ɪ̀dʒə̀ŋ / kìdʒə́ŋnə̄","ɪ̀dʒə̀ŋ / kìdʒə́ŋnə̄","gyə̀ŋkàː / gyə̀ŋkàːyə́","gìŋkàː~gìŋkà / gìŋkàːbə́~gìŋkà","tʷôm / tʷôm","tʷɥôɦm / tɥòɦmbóɦ","àndʒámə́ / bìndʒámə́","àndʒámə́ / bìndʒámə́~mùndʒámə́","ʊ̀fʷɛ́n~ʊ̀fʲɛ́n~ / kə̀ʊ́fʷɛ́n~àfʲɛ́n","kə̀ⁿfáːm / bìⁿfáːm"
"787","cricket","ɪ̀ⁿdʒìndʒàŋ / ɪ̀ⁿdʒíⁿdʒáŋə́kì","ɪ̀ⁿdʒìⁿdʒàŋ / kíⁿdʒíⁿdʒáŋō","dzàŋ / dzâŋ~kə́dzâŋnə̀","dzàŋ / kə́dzâːnə̀","ɪ̀ⁿdʒìndʒàŋ / kə̀ⁿdʒìⁿdʒáŋə̄","ɪ̀ⁿdʒə̀ŋ / kə̀dʒə́ŋə̄","dʒʲɛ̂n~dʒʲɛ̀ŋ / kə́dʒʲɛ̂ntə́~dʒʲɛ᷇ŋ~dʒʲɛ᷇ŋɛ́","dʒʲɛ̂ŋ / kə́dʒʲɛ᷇ːŋtə́","dzə̀ŋ / dzə́ŋkə́","dzə̀ŋkə́ / dzə́ŋkə́","ǹⁿdzə̀ŋə̀ / ńⁿdzə́ŋə̀","ǹ̩zə̀ŋə̀ / ń̩zə́ŋə̀","tsə̄ŋ / sə̀tsə̂ŋ","tsə́ŋ / sə̀tsə᷇ŋ","mbʊ̀mbʊ̌ / bʊ̀mbʊ̀mbʊ̌","mbʊ̀mbʊ̌ / bʊ̀mbʊ̀mbʊ̌","ʊ́dáːlə̄ / ídáːlə̄","kìfàhà / bífáhá","ʃīʃāŋ / ʃīʃâŋyə̌","ø","dzə̀ŋ / dzə́ŋ","dzə̀ŋkə̀ / dzɨ̀ŋkə̀ː","ɪ̀ndʒìndʒàŋ / kìndʒáŋā~kìndʒã́ã́","ʃìndʒàŋ / mʊ̀ndʒǎŋ","ɪ̀dʒìndʒàŋ/kə̀dʒìⁿdʒáŋə̄~àdʒìⁿdʒáŋə̄","ɪ̀dʒɪ̀ⁿdʒàŋ / kə̀dʒìⁿdʒàŋ~àdʒìⁿdʒàŋ"
"791","spider","ɪ̀dǎː / ɪ́da᷇ːkî","ɪ̀dǎː / kɪ́dáːlō","ⁿkʲáŋə́kʷʊ̌ːkʊ̀ / àⁿkʲáŋə́kʷʊ̌ːkʊ̀","ⁿkâmsə́ / àⁿkâmsə́","ɪ̀dǎː / kə́da᷇ː","ʊ́dâːlə́ / kə́dâːlə́","ʃàŋ~bîːʃǎŋ / kə́ʃâŋtə́~bîːʃǎːŋ","bîːʃǎːŋ / dzɪ̂ːʃǎːŋ","sàŋ / sáŋ","sàŋ / sáŋ","fʲàŋ / fʲâŋ","fʲàŋ / fʲâŋ","kə̀tsàŋə́tfø̀tfø̀ / ùtsàŋə́tfø̀tfø̀","kə̀tsàŋápfə̀pfə̀ / ʊ̀tsàŋápfə̀pfə̀","fìmkpām / mùmkpǎm","fìmkpām / mùmkpǎm","kìtɪ́tɪ̀ːlə́ / bɪ̀tɪ́tɪ̀ːlə́","kɪ̀tə́tìːlə́ / bìtə́tìːlə́","ŋgʊ́ŋgwɛ̂ʔn / ŋgʊ́ŋgwɛ̀ʔnbə́","ŋgʊ́ŋgwɛ̄ʔn / ŋ̀gʊ́ŋgwɛ́ʔn","sìsìáŋ / sìsíáŋ","sìsǎːŋ / sìsáŋ","ʊ́dálə̄ / kídálə̄","ɪ̀dàʃə́ŋ / kìdàʃə́ŋ","kə̀kʷɔ̀bə̀~àkʷɔ̀bə̀/bìkʷɔ̀bə̀~ɪ̀kʷɔ̀bə̀","ʊ̀dâá / ádâá~ɪ́dàâ"
"833","sky","ʊ̀bòlò / ɪ̀bòlòkì","ʊ̀bʷòlò / kìbʷòlò~ʊ̀bʷòlò","kə́bɥó / bə́bɥó","kə́bɥó / bə́bɥó","kə̀bòː / bìbòː","kə̀bɛ̀ʊ́wʊ́ə́ / kə̀bɛ̀ʊ́wʊ́ə́","bòːlə́ / kə̀bòːlə́","bólə́ / kə́bólə́nə́","kʷóm / tə̀kʷóm","kʷóm / kʷóm~tə̀kʷómkə̄","bʊ̀ːwə̀ / tə́bʊ́","bʊ́ / ø","kə́wʊ́lə̄ / ʊ̀wʊ́lə̄","kə̀wúlə̄ / ʊ̀wúlə̄","ákpí / bíkpí","ákpí / bíkpí","fìntʃám / àntʃám","àntʃám / àntʃámmū","ŋkɥɔ́m / ŋkɥɔ́mmə́","ŋkyɔ́ʔm / ŋkyɔ́mmə́~ŋkyɔ́ʔm","bʷē / bʷē","bʷē / bʷéː","ɪ́zə́mə́~ɪ́dzə́mə́ / kízə́mə́~kídzə́mə́","ábó / bíbó","kə̀bɔ̀ː~àbɔ̀ː / bìbɔ̀lə̀~ɪ̀bɔ̀lə̀","kə̀zámə́ / àzámə́~bɛ̀nzàmə́"
"841","farm","òmɥɪ̀n / ɪ̀mɥɪ̀nnə̀","ʊ́mʷɪ̂n / kìmʷɪ̀nò~ìmʷɪ̀nò","ɲʊ̈́ / kə́ɲʊ̈́lə́","ɲǘ / kə́ɲǘlə́","ʊ̀ŋmɛ̀~ʊ̀ŋmʷɛ̀ / kə̀ŋmʷɛ̀","ʊ̀ŋmʷɛ̄ / ɪ̀ŋmʷɛ̄","ɲǘ / kə́ɲʊ̈̂ːtə́","ɲʊ̈́ / kə́ɲʊ̈̂tə́","ŋmə́ / ɲʲɛ́","ŋmə́ / ɲ́ɲʲɛ́","mʊ̄ / mɥí","mʊ́ / mʲə́","kə̀fʊ̂ʔ / m̀fʊ̂ʔ","kə́fʊ̂ʔ / ḿfʊ̂ʔ","kú / kʊ́ŋ","Kʊ́ / kʊ́ŋ","ʊ́tʃʊ́m / kítʃúmnə́~ìtʃúmmə́","ʊ́tʃʊ́m / ʊ́tʃúMú~ɪ́tʃúmɪ́","kwə᷇ntʃə̄ŋ / kwɛ᷇ntʃə̄ŋbə́","kɔ́l / ø"," ɲʊ́ / ɲʷɛ̄","ɲǘ/ ɲǘɛ̀","ʊ́mʷɪ́lə̄ / kìmʷɪ̀lə̀","ʊ̀mʷèː / ʊ́mʷɛ̂nɛ́","ʊ̀mʷà / ɪ̀mʷà~àmʷà","ʊ̀mʷà / ɪ̀mʷà~ɪ̀ŋmà"
"848","compound","ḿfɪ̀hɪ̀ / ḿfɪ̀hɪ̀~òtóm/ŋ̀kônófʷɪ̂","ʊ̄tóm~ʊ́tʷóm / kìtómó~tómó","fʊ́kʷáɲ / fʊ́kʷáɲ","kɥǘ / kə́kɥǘlə́","ʊ̀tám / kə̀tám","ɪ̀kʊ́~fə́kɔ̂nə̄ / kə̀kʊ́lə́","kə̀tʊ̀kə̀ / bə̀tʊ̀kə̀","kə̀tʊ̀kə̀ / bə̀tʊ̀kə̀","gbɪ᷇ːn / tə̀gbɪ᷇ːn","gbín / tə́gbíntə̄","kə́tø̂ / bə́tø̂","kə́tô / bə́tʊ̂","kə́bæʲ / ʊ́bǽʲ","kə́bɑ́ʲ / ʊ́bɑ́ʲ","bwán / bwáŋ","bwán / bwáŋ","ìbàhà / àbàhà","ɪ́tʃí / átʃíwʊ́","ɠyá / ɠyáyə́","gyá / gyákə́","tɒ̀ɦ / tɒ̀ɦ kɪ́","mʊ́ŋkʷú / bíkʷú","ótóm / ótômə̀sə́","ʊ́tóm / kítóm","fífʲɛ̀hɛ̀~ʊ̀tɔ́m / òtɔ́m~àtɔ́m","ʊ̀tɔ́m / àtɔ́m"
"849","toilet","ɪ̀kɥɪ̂ / ɪ̀kɥɪ̀kì","ɪ̀kɥɪ̀ / kìkɥɪ̀lò","kpʳʷô / kə̀kpʳʷòlə̀","kpʳʷò / kə́kpʳʷóːlə́","ɪ́kʷɛ́ / kə́kʷɛ́","ɪ̀kʷɛ̀ / kə́kʷɛ́lə̄","tʃʊ́ / kə́tʃʊ̂ːtə́","tʃó / kə́tso᷇ːtə̄","tʃùə̀ / tʃúə́","tʃʊ̀ə̀ / tʃʊ́ə́","tú / tə̀tú","tʃfú / tə̀tʃfú","ìkʊ̂l / sə̀kʊ̂l","ɪ́kʊ̂l / sə́kʊ̂l","tə̄ / ták","tə̄ / ták","ìtʃìː / àtʃìː","ɪ́tʃí / átʃíwʊ́","tʃʲə́ː / tɛ́ːkə́","tʃyé / tɛ̄ːkə́~tɛ́ː","tsʊ́ / tsʊ̄","tsʊ́ / tsʊ́ yō","ɪ̀kɥìlə̀ / kìkɥìlə̀","ɪ̀kɥɪ̀lɛ̀ / ɪ́kɥɪ́lɛ̄","ʊ̀gbɛ́bɛ́n / bìʊ̀gbɛ́bɛ́n","ʊ̀gbɛ́bɛ́n / ìgbɛ́bɛ́n"
"850","hill","ŋkʊ̌ːŋ / ŋkʊ̌ːŋbʷî","ŋkʊ̌ːŋ / bʷɪ̀ŋkʊ̌ŋ","gbó ~ fə̀gbó / kə̀gbóːlə́~m̩̀gbó","gbó / kə́gbóːlə́","ŋkʷə́n~ŋkɔ́ːn / bə̀ŋkʷə́n~bàŋkɔ́n","ʊ̀kâh / kə̀káɦlə̄","ⁿgàŋnə́ / bə̀ⁿgàŋnə̀","ŋ̀kʷə́n / bə̀ŋkʷə́n","ⁿgàŋnə̀ / bə̀ⁿgàŋnə̀","gbʊ́ŋ~ⁿgàŋnə̀ / bə̀ⁿgàŋnə̀~tə̄gbʊ́ŋkə̄","ddîː / tə́ddîː","ⁿgàŋə̀ / ə́ⁿgáŋə̀","fə̀kɔ́ʔɔ̀~mgbàʔ / ḿkɔ́ʔɔ́~sə̀mgbâʔ","mgbáʔ / sə̀mgbáʔ","áfə́mə̄ / bífə́mə́","áfə́mə̄ / bífə́mə́","fìmbə́nə́ / m̀mbə́nə́","mbə́nə́ / mbə́nə́wú","ŋ̀káŋ / ŋkáŋmə́","ŋ̀káŋ / ø","ŋ̀ŋgàŋ / ŋ́ŋgâŋ","ŋgàŋ / ŋgàŋ","ŋ́kôbànə́ / bə̀ŋkôbánə́ ~ bə̀ŋkɛ̂bə̀bánə́","ŋ̀kàŋkə́ / bìŋkàŋkə́~bèŋkàŋkə́","ʊ̀kɔ᷇ː / bìʊ̀kɔ᷇ː~àkɔ᷇ː","ⁿkʷɛ̌n / bɛ̀ⁿkʷɛ̌n"
"853","stone","ɪ̀tì / àntìmʷɪ̀~àntì","ɪ̀tì / m̄tì~ǹtì","kxʲə́ / ákxʲə́","kʲə̄ / kə̄kʲə̄ːlə́","ɪ̀tì / kə̀tì","ɪ̄tī / átī","tʲɛ᷇ː / kə̀těːtə́","tʲé / kə̀téːtə́","tsé / tə̀tsə́","tsé / tə̀tsə́","tə́ / tə́tə́","tə́ / tə́tə́","ìtěʲ ~ ŋgɔ̀ʔ / ə̀téʲ ~ sə̀ŋgɔ̀ʔ","téʲ / ə̀téʲ","ádʒə́klə́ / bídʒə́klə́","ádʒə́klə́ / bídʒə́klə́","ʊ́zə́mə́ / ɪ́zə́mə́","ʊ́zə́mə́ / ʊ́zə́mə́wū","bwə́l / bwə̄lbə́","bʊ́l / bʊ̄lbə́","tʃʲē / tɛ̄ː","tʃʲə́ / tɛ́ː","ɪ̀kì / ákísə́","ɪ̀kì / àkì","ɪ̀tì / àtì","ɪ̀tì / àtì"
"854","salt","n̄tʃām~ántʃám/ǹtʃāmmʷɪ̂~ántʃám","ǹtʃám / mʷɪ̀ntʃám","fə̀ⁿkʲâ / m̩̀kʲâ","fə̀ⁿkʲâː / fə̀ⁿkʲâː","fìⁿbɛ́ː~m̀bó / bə̀mbó","m̀bō / m̀bō","m̀bə́nə́ / ø","mbə́nə́ / bə̀mbə́nə́","ⁿbə́nə̀ / bə̀ⁿbə́nə̀","ⁿbə́nə̀ / ⁿbə́nə̀~bə̀ⁿbə́nə̀","m̀ⁿbʷɪ̃́ː / bə̀ⁿbʷɪ̃́ː","m̄ⁿbʷéː","fə̀mgbáŋ / m̀mgbǎːŋ","fə̀mgbáŋ / m̀mgbáŋ","bə̂b~bə̂bwɪ́dzâŋ ~ béb /  bə́bnʊ́dzâŋ ~ béb","bìbwǎm / bíbwǎm","ìbwùː / àbwùː","ábwʊ̂ː / àbwʊ́ːwú","bɔ̄ː / bɔːbə́","ø","ŋ́káŋ / ŋ̀kāŋ mɪ́","ŋkáŋ / ŋ̀káŋ","m̀bɛ̀ / m̀bɛ̀sə́","mbɛ̂ / mbɛ̂","ń̩tʃám~m̩̀bɛ́ / ḿ̩bɛ́","ⁿbɛ́ / ḿ̩bɛ́"
"857","dust","ʊ́zə́m / ɪ̀zə́mə́kì","ʊ̀zə́m / kìzə́mó~ìzə́mó","kə́dʒʷámə̄ / bə́dʒʷámə̄","kə́dʒʷâmə̀ / bə́dʒʷámə̀","ʊ́zám~ʊ́zə́m / kə̀zám~kə̀zə́m","ʊ̀dzə́m / ʊ̀dzə́m","kə́dzə᷇ːm / bə́dzə᷇ːm","kə́zə́m~kə́dzə́m / bə́dzə́m","dʒʉ̄mə̄ / bə́dʒʉ́mə̀","dʒúmə̄ / bə́dʒúmə̄","bʷə̂tə́ / tə̀bʷə̂","bʷə̂ / tə̀bʷə̂","kə̀bə̂l / ʊ̀bə̂l","kə́bə̂l / ʊ́bə̂l","mʊ́nɲə̂ŋ / ø","mʊ́ɲə̂ŋ / ø","fìɲám / àɲám","áɲám / áɲámmū","ɲə́m / ɲə́mmə́","ɲə́m / ɲə́mmə́~ɲə́m","bʷə́l / bʷə́l","bʷə᷇ːl / bʷə̂ːl bó","ʊ̀zə́m ~ ʊ̀dzə́m / kídzə́mə́","ʊ́zə́m / ʊ́zə́m","ʊ̀zám / bìʊ̀zám~ázám","ʊ̀zə́m / ɪ̀zə́m~kə̀zə́mə́"
"858","hailstone","ɪ́bʷɪ̂m / ámbʷɪ̂mmʷɪ́","ɪ̀bɥɪ̀m /mʊ̀mbɥɪ̀m","bʷóə́ / ábʷóə́","bʷə́ / ábʷə́","ɪ́bʷɪ̂ / ábʷɪ́~kə́bʷɪ̂~ɪ̀bʷɪ́","ɪ́bʷɪ́ / ábʷɪ́","bʊ̀ːsə́ / kə́bʊ̂ːsə́nə́~kə̀bʊ̀ːsə́nə̄","bʊ́ / kə́bʊ́tə́","gbú / tə̀gbǔː","gbú / tə̀gbúkə̄~tə̀gbǔː","bʊ́bə́ / tə́bʊ́bə́","bóbə́ / tə́bóbə́","fə̀téʲtéʲ / m̀téʲtéʲ","ɪ́téʲtéʲ ~ téʲtɪ̌ʲ~fə̀téʲtéʲ / ḿtéʲtéʲ","dzɪ́twə́àdzʊ̀gə́ / dzɪ́nwə́àdzʊ̀gə́","mʊ́ɲə̂ŋ / ø","ʊ̀dáːlə̄ / ídáːlə̄","àndə̂m / àndə̂mmū","yʊ́k / yʊ́kyə̂","sāːzòː~sánzôkɛ̌n / sánkə́zòː ","bɑ́bɑ́ / bɑ́bɑ́","bóɦbóɦ  / kɪ̀bóɦbóɦ","ɪ̀bʊ̀bʷɪ̀ / àbʊ̀bʷɪ̀","ágbʊ́ ~ ɪ́bʷê / ábʷê","ɪ̀ʃáŋ/bìʃáŋ~ɪ̀bʷɪ̀/àbʷɪ́","ʊ́bʷɪ̂~ɪ̀bʷɪ̂ / ábʷɪ̂"
"861","smoke","ǹɲám / mʊ̀nɲám~ánɲám","ʃìnjám / mʊ̀njám","fə̀ɲə́m / m̩̀ɲə́m","fə̀ɲə́m / m̩̀ɲə́m","fíɲʲám / ń̩ɲə́m~ń̩ɲám","mʊ̀ɲə́m / mʊ̀ɲə́m","ǹɲə́m / mə̀nɲə́m","ɲə́m / kə̀ɲə́mtə́","lʲə̂ / bə̀lʲə̂","lʲə᷇ː / tə̀lʲə᷇~tə̀lʲə᷇kə̄","ǹɲə́m / ø","ɲə́m / ø","kə̀ɲɛ̂ʔ / ʊ̀ɲɛ́ʔ","kə̀ɲéʔ / ʊ̀ɲéʔ","ʃyə́yʊ̂ntsʊ̌ŋ / ʃyə́yíbʊ̂ntsʊ̌ŋ","ʃyə́yə́bʊ́ntsʊ́ŋ / bʊ̀ʃyəbʊ́ntsʊ̂ŋ","kìyî / bíyî","ʊ́yi᷇ː / ɪ́yi᷇ːyí ~ʊ́yi᷇ːwú","mɛ̂ʔ / mɛ̂ʔbə́","ø","ɲə́m /ɲə́m","ɲə̄m /ɲə́ːm","ʃíɲə́m / mʊ̀nɲə́mə́","ʊ́zə́m / kìzə́m","nɲʲám / bìnɲám","m̩̀ɲə̌m / m̩̀ɲə́m"
"867","sun","ʊ̀wàhà / ɪ̀wàhàkì","ʊ̀wàhà / kìwàhà","ŋʷásə́ / kə́ŋʷásə́","ŋʷásə̄ / ŋʷásə̄","ʊ̀wàhà / kə̀wàhà","ɪ̀jí / ɪ̀jí","ɥísə́~ɥɪ́sə́ / kə́yísə́nə́","wɪ́ːsə́ / kə́wɪ́sə́nə́","tˢù~tsù / tˢú~tsú","tsù~tsùː / tsù~tsú","wə́ / tə̀wə́","wə́ / ø ~ tə̀wúə́","tsèʲ~ízéʲ / sə̀tsèʲ~sə́zéʲ","zéɪ́ / ə̌zéɪ́","dzʊ̄ŋtɪ̄ / ø","dzʊ̄ŋtɪ̄ / ø","ʊ́gbáhá / bígbáhá","ʊ́gbáhá / ʊ́gbáháwú","gbɛ́ / gbɛ̄ːwə́","ø","wē ~ wó / wē ~ wó","wē / wē","ʊ̀wàhà / kìwàhà","ʊ̀wàhà / ʊ̀wàhà","ʊ̀wàhà / bìwàhà~àwàhà","ʊ̀wàhà / ʊ̀wàhà"
"868","moon","ʊ̀wèː / ɪ̀wèːkì","ʊ́wêː / ɪ́wêː","ɥʊ́ / kə̀ɥʊ́lə́","ɥú / kə́ɥúlə́","ʊ̀wùò~ʊ̀ŋmʷɪ̀ / kə̀wùò~kə̀ŋmʷɪ̀","ʊ́wʊ́ə́~ʊ̀wūō / ʊ́wʊ́ə́","yí / kə́yi᷇ːtə́ ~ kə́yíːtə́","yí / kə̀yíːtə́","ɥʲə́ / tə̀ɥʲə́","ɥʲə́ / ɥʲə́~tə́ɥʲə́kə̀","wùfúə́ / tə̀wùfúə́","wə̀fúə́ / tə̀wə̀fúə́","ndzɔ̀ŋə̂ / sə̀ndzɔ̀ŋə᷇ː","ndzɔ̀ŋə᷇ / sə̀ndzɔ̀ŋə᷇","dzʊ̄ŋtɪ̄ / dzʊ̂ŋtí","dzʊ̄ŋtɪ̄ / ø","ʊ́gbáhá / ʊ́gháháwʊ̄~ɪ́gbáhá","ʊ́gbáhá / ɪ́gháháyī~ʊ́gháháwʊ̄~","gbɛ́ / gbɛ́ːhó","gbɛ́ː  / ø","yī / yī","yí / yìː wó","ʊ̀wɛ̀ / kìwɛ̀lə̀","ʊ̀wɛ̀ / ɪ̀wɛ̀","ʊ̀ŋmɪ̀ / bìʊ̀ŋmɪ̀~àŋmɪ̀","ʊ̀ŋmɪ̀ / ɪ̀ŋmɪ̀"
"869","star","ʃìŋkxè / ŋ̀kèːm̂","ʃìŋkè~ŋkè / mʊ̀ŋkè~ŋ̀kèː","fə̀ⁿgbɪ̀ɲkpóʔ / m̩̀gbɪ̀ɲkpóʔ","fə̀ⁿgbɪ̄ɲkpɔ̀ʔɔ́ / mə̀ⁿgbɪ̀ɲkpɔ̀ʔɔ́","stàː / stâːdɛ̀m","fìⁿdʒɔ́ŋfʷə̀lə́ / mʊ̀ⁿdʒɔ́fʷə̀lə́","fə́mʷésə̀ / mə̀mʷésə̀","fə̀mʷɛ̀sə̀ / mə̀mʷɛ̀sə̀","dúàlə́ / tə́dúàlə́~ fə̀mìlə̀ŋkʷǎŋ/mə̀mmìlə̀ŋkʷǎŋ","fə̀mìlàŋkʷǎŋkʷǎŋ / mə̀mìlàŋkʷǎŋkʷǎŋ ~fə̀mbɪ̀msə́lə̀ / mə̀mbɪ̀msə́lə̀","ʒʷàlə́ / ʒʷâlə́","ʒʷàlə́ / ʒʷâlə́","fə̀sɛ̀bə́lə̀ / m̀sɛ̀bə́lə̀","fə̀sɛ̀bə́lə̀ / m̀sɛ̀ːbə́lə̀","áfə́m ~ fìmfí / ø ~ bífə́m","áfə́m / ø ~ bífə́m","kífúhū / bífúhū","kɪ́fóhʊ̄ / bífóhʊ̄","fɪ̂ː / fɪ̂ːkə́","fí~fīː / fìː","dʒʷǎɲ / dʒʷáɲ","dʒʷǎʔn / dʒʷáːn","ŋgìŋgʲə́nə́ / bə̀ŋgìŋgʲə́nə́","ʃìmbə́mə́~mbɛ̀dʒɛ̀bə́ / mùmbə́mə́~bə̀mbɛ̂dʒɛ̀bə́","fìⁿdʒɔ̀ŋfɛ̀lə/bìⁿdʒɔ̀ŋfɛ̀lə́~m̩̀ⁿdʒɔ̀ŋfɛ̀lə́","fìⁿdʒɔ̀ŋfʷə̀lə́ / mʊ̀ⁿdʒɔ̀ŋfʷə̀lə́"
"872","air","ʊ́gbáhá / ɪ̀gbáhákî","ʊ̀gbáhá / kɪ̀gbáhá","ŋ̩̀vùlə́ / àŋ̩̀vùlə́","ⁿvùlə́ / àⁿvùlə́","ʊ̀gbáhá / ʊ̀gbáhá","ʊ̀gbáhá / ʊ̀gbáhá","gbísə́ / kə̀gbɪ́sə́nə̄","gbɪ́sə́ / kə̀gbɪ̂sə̀nə́","bʲə́ / tə̀bʲə́","bʲə́ / tə̀bʲə́kə̄","gbɪ́ː / ø","gbɪ́í / ø","kə̀fɒ́f / ʊ́fɒ́f","kə̀fə́f~kə̀fɑf / ʊ̀fɑ́f","dzə̀mfó / dzə̂m","dzə̀mfó / ø","ìyɔ́hɔ́ìɲɔ̀m / kìyɔ́hɔ́ìɲɔ̀m","ɪ̀ɲɔ̀m / ɪ̀ɲɔ̀myí","ŋɲʲɔ̀ːm / ɲyɔ̂ːmyə̌","ɲɔ̀mfə̌ / ø","gbé / gbé","gbé / gbé","ʊ̀gbáhá /kígbáhá","ʊ́gbáhá / ʊ́gbáhá~kígbáhá","ʊ̀gbáhá / bìʊ̀gbáhá~àgbáhá","ʊ̀gbáhá / ɪ̀gbáhá~kə́gbáhá"
"873","storm (wind)","ɪ̀jɔ́ŋ / ɪ̀jɔ́ŋòkì","ɪ̀jɔ́ŋ / kìjɔ̀ŋò","kə́fʷâlə̀ / bə́fʷâlə̀","kə́fʷâlə̀ / bə́fʷâlə̀","ɪ̀jɔ́ŋ / kə̀jɔ́ŋ","ɪ̀jɔ̋ŋ / ɪ̀jɔ̋ŋ","kə́ʃə̂ptə́ / ø~bə́ʃə̂ptə́","kə́ʃə̂ptə́ / ø~bə́ʃə̂ptə́nə́","fʲə́ / fílə̀","fíːlə̀ / tə̀fíːlə̀","ɱ̀fʊ́bə̀ / ø","ŋ́fóbə̀","kə̀fɒ́f / sə̀fɒ́f ~ fɒ́fʊ́","kə̀fɑ́f / ʊ̀fɑ́f","ʃúə́ / ø","ʃúə́ / ø ~ ʃúə́","fìʃìʃí / bùʃìʃí","bʊ́ʃán / bʊ́ʃānbʊ̄","ʃáŋ / ʃáŋyə́","ʃáŋ̈~ʃáŋ / ʃáŋ̈yə́","ʃɪ̂ / ʃɪ̂","ʃɪ̂ / ʃɪ̂ː","ʊ̀gbáhá / kígbáhá","ʊ́gbáháʊ̀bàlə́~ɪ̀yɔ̀ŋ /kìyɔ̀ŋə̀","ɪ̄jāŋ / bìjāŋ~ájáŋ","ɪ̀jǎːŋ / ɪ̀jǎːŋ~kə́jáŋə̄"
"874","rain","ɪ̀bʷû / ɪ̀bʷùkì","ɪ̀bʷû / ɪ̀bʷùːkì","bʷɛ̂ː / bʷòlə̀","bʷə̀ / bʷə̀","ɪ́bʷú / ɪ̀bʷú","ɪ̀bʷú / ɪ̀bʷújí","dʒə́ŋ / dʒə᷇ːŋ ~ kə́dʒə̂ŋtə́","dʒáŋ / kə́dʒáŋtə́","bʷə́lə́ / tə̀bʷə́lə́","bʷə́lə́ / bʷə́lə́~tə̀bʷə́lə́","dzàŋ / ø","zàŋ / ø","ɪ̀ɣól / sə̀ɣól","ɪ̀ɣól / sə̀ɣól","dzàm / dzâmyə̀","dzàm / dza᷇ːm","ɪ́záːm / kízáːmnə̄","ɪ̀zàm / kɪ́zámnə̄","zàm / zâmyə̌","zàm / zâmyə̌","dzə́ŋ / dzə́ŋ~dzə̄ŋ","dzə̄ŋ / dzə́ŋ","ɪ̀bù / kìbùlə̀","ɪ́bʷû / ɪ́bʷû","ɪ̀bʷúː / bìbʷúː~ábʷúː","ɪ́bʷú / kə́bʷûː~ɪ́bʷûː"
"876","dry season","ɪ̀ɲʊ̀m / ánɲómmʷɪ̂","ɪ̀ɲʊ̀m / ɪ́ɲómō","ɲʷɪ̀ɲ / áɲʷɪ̀ɲ","ŋʷɪ̀ɲ / kə́ŋʷɪ́ːnə̀","ɪ̀ɲàːmə́ / kə̀ɲàːmə́","ɪ̀ɲàːmə́ / ɪ̀ɲàːmə́","ɲʊ̀m / ɲʊ̂mtə́","ɲʊ̀m / kə̄ɲʊ́mtə́","lʊ̀m / álʊ̀m","àlʊ̀m~lùm/ àlʊ̀m~bə́lûm","ɲʊ̀mfə̂ / ø","ɲùə̀mə́ / ə́ɲùə̀mfə̂","nɒ̀m / sə̄nɒ̂m","nòm / sə̀nôm","mbwòmnə̀wɪ́dzē / bʊ̀mbwòmnə̀dzé~ mbwòmnə̀bʊ́dzé","mbwə̀mnə́wɪ́dzē / bʊ̀mbwə́mnə̄wɪ́dzé","ɪ̀ʃìː ~ìʃyē afín / íʃyēfɪ́ ~ ìʃyēlə̀ afín","ø / ø","ŋgɔ̀ʔdʒí / ŋgɔ̀ʔdʒǐːbə́","ʃùŋ / ø","ɲʷɒ̀m / ɲʷɒ̂m","ɲʲɒ̀ɦm / ɲʲɒ̀ɦm","ɲʊ̀m / ɲʊ̀mə́ntǐː","ɪ̀ɲʊ̀m / ɪ̀ɲʊ̀m","ɪ̀ɲɔ̀mə́ / bìɲɔ̀mə́","ɪ̀ɲɔ̀mə́ / áɲɔ́mə́~kə́ɲɔ́mə́"
"877","sand","ǎŋʃáŋ~ɪ̀ʃàŋ / ǎŋʃáŋmʷɪ̂","ɪ̀ʃáŋ / mʷɪ̀nʃáŋ","ʃá / àʃá","àʃá~ʃá / àʃá~kə́ʃálə́","ìʃáŋ / àʃáŋ","ɪ̀ʃáŋ / àʃáŋ","ʃáŋ / ø~kə̀ʃáŋtə́","ʃáŋ / kə̀ʃáŋtə́","sé / sé","sěː / sé","fə̀nʃṹã́nə̀ / ǹʃṹã́","ʃṹã́nə̀ / ńʃṹŋá ~ ńʃṹã́","kə̀séséʔè / ùséséʔè","kə̀séséʔè / ʊ̀séséʔè","dzɪ̂t / ø","dzɪ̂t / dzɪ́t","ìkʊ̀bə́ / ìkʊ̀bə́yí","ɪ̀kʊ̀bə́ / ɪ̀kʊ̀bə́yī","tsɔ̄ː / tsɔ̄ːyə᷇","tsɔ̄ː / tsɔ̄ːyɛ̂n","ʃʲǎŋ / ʃʲáŋ","ʃǎːŋ / ʃáŋ","ɪ̀ʃɔ́ŋ / áʃɔ́ŋ","ɪ́ʃɔ́ŋ / áʃɔ́ŋ","àʃáŋ / bìʃáŋ~àʃáŋ","ɪ̄ʃáŋ / āʃáŋ~kə̀ʃáŋ"
"878","grave","ɪ̀zàm / ɪ̄zámóki᷄","ɪ̀zàm / kɪ́záːmō","bə́ʒí / bə́ʒí ~ ʒíbə́","bə́ʒí / bə́ʒílə́","ɪ̀zàm / kə́zámə̄","ɪ̀dzàm / kə̀dzámə̄~kə̀dzámnə́","zɪ̀m~dᶻɪ̀m/ńzɪ᷇ːm~kə́zɪ̂mtə́~kə́dᶻɪ̂mtə́","dzèːm / kə́ze᷇ːmtə́","dìm / dím","dzìm /dzím","zə̀m / zə̂m","zə̀m / zə̂m","ísêʲ / sèsêʲ","ɪ́sîː / sə́sɪ̂","ʃìʃí / ʃíʃǐː","ʃìʃí / ʃíʃǐː","ɪ̀zə̀sə́ / ádzə́sə̄","ɪ̀zə̀sə́ / ádzə́sə́wū","dàk / dâkbə̌","dàk / dâkkɛ́n","dzàm / dzâm","dzàm / dzâːm","ɪ̀zàm / kídzámə̄","ɪ̀zàm / kízámə̄","ɪ̀zàm / bìzàm~àzámə̀","ɪ̀zàm / kə́zámə̄"
"903","day","bʊ́tû~ʊ̀tù / ʊ́tûbʊ̂","bʊ̀tù / kɪ̀tù ~ ʊ̀tù","dʒɥɪ᷇ːɲ / kə̀dʒɥɪ᷇ːɲnə́","dʒʷɪ́ɲ / kə́dʒʷɪ́ɲnə̄","m̀fʷɪ́~bʷɪ́tû~bʊ́tù / àfʷə́~kə́tû","m̀fʷɪ́~bútú~bʷə́tú / áfʷɪ́~àfʷɪ́","bɪ́n / kə̀bɪ̂ntə́ ~","kə́tə́ / bə́tə́","bʷə̂ / bʷə̂bə̀tʊ́kə́","kálə̄ / kā","kpɔ̂ŋ ~ kpɔ̃̂ː / kɔ́ŋɔ̀ ~ kɔ̃̂ː","kpõ̂ / kõ̂","fə̀tʊ́ʔ / m̀tʊ́ʔ","fə̀tʊ́ʔ~ʊ́túʔ / m̀tʊ́ʔ","ʊ́tɔ́b / ø","ʊ́tɔ́b / ø","ʊ́tɔ́fə́ / kítɔ́fə́","ɪ̀tɔ́fə́ / ʊ́tɔ́fə́wʊ̄","kɔ᷇ː / kɔ̂bə́","kɔ̂ː / kɔ̂bɛ́n","tō / tō","tōʊ̄~tō / tóʊ́~tó","bùtù / bútúlə̄","bútû / bùtùbù","bʊ̀tù~ùtù / bìtù~bùtú","ⁿfʷɪ́ / àfʷɛ́~àfʷé"
"909","wax (incense)","ɪ̀dí / ɪ́díkɪ̀~ɪ̀dí","ɪ̀dí / mʷɪ̀ndí~ŋmɪ̀ⁿdí","dzə̂ / ádzə̂~kə́dzə̂lə̀","dzə̂ / kə́dzə̂lə̀","ɪ̀dí / kə̀dí","ɪ̀dí / àdí","dʒɪ̂ŋ / kə́dʒɪ̂ŋtə́","dʒɪ̂ŋ / kə́dʒɪ᷇ːŋtə́","dʒɛ̂n / tə́dʒɛ̂n","dʒɛ᷇ːn / tə́dʒɛ᷇ːn","ńⁿdĩ̂ / tə́ⁿdĩ̂","ə́ⁿdĩ́ ~ tə́ⁿdĩ̂","ìnə́ŋ / sə̀nə́ŋ","ìnə́ŋ / sə̀nə́ŋ","ǹtʊ̄ / n̄tʊ́","n̄tʊ̀ / n̄tʊ́                              ","ʊ̀kpǒː / ìkpǒ","ʊ́kpó / ʊ́kpénábá ~ɪ́kpó           3/4.","kpɔ́ʔ / kpɔ́ʔkə́","kpɔ́ʔɔ~kpɔ / kpó~kpɔ́ʔɔ́kɛ́n","ndʒə̄ŋ / ndʒə̄ŋ","ńdʒə᷇ŋ / ńdʒə᷇ːŋ kó","ɪ̀gí / kìgílə","ɪ́gí / ɪ́gílə ~ ágí","ɪ̀dí / bìdí~ádí","ɪ̀dí / àdí~kə́dí"
"916","year","ɪ̄ɲʊ̀m / àɲʊ́mmʷɪ̂","ɪ̀ɲʊ̀m / mʷɪ̀nɲʊ́m~ǹɲóm","ɲʷɪ̀ɲ / kə́ɲʷɪ́ːnə̀","ɲʷɪ̂ɲ~ɲʷɪ̀n / kə̀ŋʷɪ̄ːlə̄","ʊ́bí / kə́bí","ʊ́bī~ʊ́bí / àɲʲám","yǎː / kə̀yáːtə́","yǎː / kə̀yáːtə́","lùm / bə́lûm","lʊ̀m / bə̀lùm","ʒʲàː / dʒá","ʒá / ʒʲá","kə̀nôm /  sə̀nôm","kə̀nôm /  sə̀nôm","fyó / ŋwám","fyó / fya᷇m","kìnó / bìnábī~kìnó / bìnzʊ́","kɪ́ná / bíná","nʊ́ŋ / námbə́","nʊ́ŋ / nám","yə̌ / yə́","yə̌ː / yə́","ɪ̀ɲʊ̀m / áɲʊ́mə́","ɪ̀ɲʊ̀m / áɲʊ́m","ɪ̀ɲɔ̀ːm / àɲɔ́m","ɪ̀ɲɔ̀m / áɲɔ́m~kə́ɲɔ́m"
"917","week","ʊ̀tʊ́nâ / ɪ̀tʊ́nákì","ʊ̀tʊ́nā / kítʊ́nā","wə́sə́ / kə̀wə́sə́","wə́sə́ / kə̀wə́sə́","ʊ̄tʊ̄nā~ʊ̀tə́nə̄ / kə́tʊ́nā","ʊ̀tʊ́hnā / kə́tʊ́hnā","kpó / kə̀kpóːtə́","kpǒː / kə̀kpóːtə́","wə́sə́ / tə̀wə́sə́","wə́sə́ / tə̀wə́sə́","ʃī / bə́ʃī","ʃī / ʃî","ŋgàm / sə̀ŋgàm","ŋgàm / sə̀ŋgàm","yìé / yɛ́ŋ ~ yə́ŋ","yē / yéŋ","ìyʲɛ̀ / áyʲɛ̂","ɪ́yíɛ̀ / áyíɛ́wū","mán / mán~mánbə̌","mám / mámɛ́n","kpœ́ɦ / kpœ̄ɦ","kpɒ̄ɦ / kpɒ́ːɦ","ʊ́túnə̄ / kítúnə̄","wɪ̂k / bèwɪ̂k~wɪ̂ks","ʊ̀tʊ́nā / bìʊ̀tʊ́nā~ɪ̀tʊ́nā","ʊ̀tʊ́nā / ɪ́tʊ́nā~kə́tʊ́nā"
"925","name","ɪ́yâː / àya~ɪ̀yàːyɛ́","ìjà / kìyà~ǹjʲā~ǹjʲà","m̩̀ⁿdzɪ́ɲ / ḿ̩ⁿdzɪ́ɲmə̄","m̩̀ⁿdzɪ́ɲ / m̩̀ⁿdzɪ́ɲ~m̩̀ⁿdzɪ́ɲnə̀~mə̀ⁿdzɪ́ɲ","ɪ̀jà / bìjà~kə̀jà","íjám / ájám","yí / kə́yîːtə́ ~ kə́yîːtə́nə́","yí / kə̀yíːtə́","wə́lə́ / tə̀jə́lə̄","wə́lə̄ / tə̀jə́lə̄","wə̄ / dʒə̄","wə̄ / dʒə́","ɪ́zə́s / ə̀zə́s","ɪ́zə́s / ə̀zə́s","ákpɪ́~fíkpɪ́ / bíkpɪ́~múŋkpɪ́","ákpɪ́/ bíkpɪ́","kíbʊ̂ŋ / bíbʊ̂ŋ","ɪdʒánə́wū / ádʒánə́wú","yān / yánkə́","ø","mán / mán","mán / mán mō","ɪ́yám / áyámàsə́","ɪ́yám / ɪ́yámə́~àyàmə̀","ɪ̀jà / bìjà~àjà","ɪ̀jà / àjà"
"1533","two hundred (200)","bɔ̂ŋŋ̀kém̀fɪ́n","hɔ́ndə̀lóbʊ̀fɪ̌n~ɪ̀dʒánə́tə́ntə́ŋm̀fɪ̌ːn","ŋʷɛ́ŋkə̀fʲə̂ŋ","ŋʷɛ́ŋkə̀fʲə̌ŋ","ń̩dʒə̂nhə́m̩̀fó","ádʒə́nàfó","yɛ́ntə́kə́fíē ~ hɔ́ndrɛ̀dbə́fíē","dʒɪ̀ʃʲe᷇ː","dʒêːɪ̀fé","dʒêfɪ́ː","dzíːfî","zíːfî","wʊ́ɪ́bə̀ː","wʊ᷇ɪ̀bɘ̄ɣ","ǹʃèkú / bʊ́nʃèkʊ́","mbênʃyé / nʃèkʊ́","ǹʃìːnə̀ / bànʃìnə̀","ǹʃìːnə̀ / bànʃìːnə̀","àbɔ̌m~bɔ̌m / ø","ø","dzɪ̂ yǐ ʃʲe᷇","dzɪ̂ yǐ ʃʲe᷇","bə̀kɥɪ́nàkɥɪ́nbə̀fɪ̀","bèhɔ́ndrɛ̀bèfè","ɪ́gbɛ́ɪ̄fɪ̄n","ʊ́wúónʊ̂nòbə̀fɪ̌n"
"1538","one thousand (1000)","tásə̀n~ɪ́dʒánə̄~ʊ́gbêː~bɔ̂ŋŋ̀kédʒʊ́hɛ́","ɪ́dʒánə́náːnə̄","kʲàː ~ ŋ̀kám","kʲàː","ɪ́dʒə́nkʊ́m̩̀","kə̀ŋkxᴂ̀~kə̀ŋkxᴂ̀kákʊ̀m̩̀","tóːsə̀nɲʊ̀ə̀~yɛ́nɲʊ́ə̄~yɛ́nnɪ́nə̀ɲúə̄","yɛ́nnɥo᷇","kám~kə̀ŋkxɛ̀","kāmkpó","kʲà","kʲà ~ kʷám","kām ~ əβə᷇ː","kám","ø / ø","fìlǒtéfídzʊ̌ / mùnlǒtə́múdzʊ̌","ø / ø","ø / ø","mbyāk / mbyàkbə́.","ø","ŋgɒ́m kí mʷō","kām kə́ mɒ̄","ɪ́dʒɛ́nɪ̀tɪ́tàɪ́mʷə́nə́","ɪ́dʒɛ́nɪ́mʷə́nə̄","ntàmʊ̀dʲàfə̀tə́ʊ́m̩̀","ʊ́wúónʊ́nòbə̀kʷôn~tɔ́ːʃìʊ́m̩̀"
