Pattern	abar1239	biya1235	buuu1246	fang1248	kosh1246	kung1260	mbuu1238	miss1255	mufu1234	mund1340	munk1244	naki1238	ngun1279	Examples	COGID
abar1239:4 mbuu1238:4	4	0	0	0	0	0	4	0	0	0	0	0	0	1	6	1000_pepper
biya1235:2 munk1244:4 ngun1279:3	0	2	0	0	0	0	0	0	0	0	4	0	3	1	2	1000_pepper
buuu1246:4 kosh1246:4 ngun1279:1	0	0	4	0	4	0	0	0	0	0	0	0	1	1	5	1000_pepper
fang1248:4 miss1255:2 mufu1234:2 mund1340:4	0	0	0	4	0	0	0	2	2	4	0	0	0	1	1	1000_pepper
kung1260:4	0	0	0	0	0	4	0	0	0	0	0	0	0	43	4 10 17 39 46 58 64 89 96 127 134 162 177 198 216 267 286 359 374 426 434 438 464 479 566 571 577 613 640 647 683 695 701 707 710 744 752 765 773 801 832 838 875	1000_pepper, 1003_person, 1017_pig, 1027_plantain, 1044_pot, 1076_raffiabamboo, 1079_rain, 1134_root, 1136_rope, 1219_sky, 1238_smoke, 1252_song, 1290_star, 1307_stone, 1312_story, 1404_tongue, 1416_tree, 159_bitterleaf, 184_breast, 276_chief, 304_cloth, 334_compound, 359_cricket, 371_cutlass, 474_eye, 477_faeces, 484_farm, 527_fish, 557_friend, 574_gardenegg, 599_grave, 620_hailstone, 621_hair, 623_hand, 648_head, 681_house, 713_intestine, 72_axe, 803_knife, 889_medicine, 913_mouth, 921_name, 975_palmnut
naki1238:2	0	0	0	0	0	0	0	0	0	0	0	2	0	60	3 16 23 38 57 101 107 120 133 140 152 167 189 204 226 239 254 270 290 306 328 336 395 401 422 429 437 450 457 470 488 511 519 528 536 540 565 570 584 599 605 612 618 667 676 700 706 735 751 759 764 772 781 784 792 826 844 850 884 889	1000_pepper, 1017_pig, 1022_pineapple, 1027_plantain, 1076_raffiabamboo, 1148_salt, 1150_sand, 1206_sieve, 1238_smoke, 1240_snake, 1249_soldierant, 1266_spider, 1306_stomach, 1311_stormwind, 1325_sun, 1367_termite, 139_bed, 1405_tooth, 1451_umbrella, 1490_water, 1541_xylophone, 1542_yam, 237_cap, 247_casecourtn, 264_chair, 277_child, 334_compound, 340_corn, 348_cowcattle, 365_cup, 381_day, 40_air, 412_dog, 428_drum, 430_dryseason, 433_dust, 474_eye, 477_faeces, 493_feather, 519_fire, 522_fireside, 527_fish, 541_flybird, 594_grass, 596_grasshopper, 621_hair, 623_hand, 667_hoe, 713_intestine, 719_jaw, 72_axe, 803_knife, 813_ladder, 81_banana, 822_leaf, 90_basket, 939_nose, 944_oil, 978_palmtree, 980_pap
abar1239:4 biya1235:2 fang1248:2 mbuu1238:4 munk1244:4 ngun1279:4	4	2	0	2	0	0	4	0	0	0	4	0	4	1	8	1003_person
buuu1246:4 naki1238:2	0	0	4	0	0	0	0	0	0	0	0	2	0	1	9	1003_person
kosh1246:1 mufu1234:1 mund1340:4	0	0	0	0	1	0	0	0	1	4	0	0	0	1	11	1003_person
kosh1246:2	0	0	0	0	2	0	0	0	0	0	0	0	0	13	13 74 208 296 310 367 387 416 601 691 747 754 816	1003_person, 1080_rainbow, 1311_stormwind, 1451_umbrella, 1490_water, 163_blood, 194_broom, 253_caterpillar, 519_fire, 618_gun, 681_house, 713_intestine, 905_moon
kosh1246:1	0	0	0	0	1	0	0	0	0	0	0	0	0	79	12 19 26 40 41 47 59 65 70 78 103 112 118 135 158 163 168 172 178 191 199 207 217 228 244 250 256 262 293 302 347 361 365 370 375 380 402 424 445 460 465 472 484 489 500 507 513 534 546 550 572 593 621 629 641 648 654 670 672 671 684 702 703 711 716 719 736 745 761 774 787 795 833 839 846 851 886 892 894	1003_person, 1017_pig, 1022_pineapple, 1027_plantain, 1027_plantain, 1044_pot, 1076_raffiabamboo, 1079_rain, 1080_rainbow, 1080_rainbow, 1148_salt, 1167_seed, 1189_sheep, 1238_smoke, 1249_soldierant, 1252_song, 1266_spider, 1266_spider, 1290_star, 1306_stomach, 1307_stone, 1311_stormwind, 1312_story, 1325_sun, 1367_termite, 1367_termite, 139_bed, 1403_toilet, 1451_umbrella, 1484_war, 1552_zinc, 159_bitterleaf, 163_blood, 170_book, 184_breast, 192_bridge, 247_casecourtn, 264_chair, 334_compound, 351_crab, 359_cricket, 365_cup, 374_dance, 381_day, 385_deitygodgod, 391_devil, 40_air, 428_drum, 435_ear, 443_egg, 477_faeces, 50_animal, 541_flybird, 550_forest, 557_friend, 574_gardenegg, 584_gizzardfowl, 594_grass, 594_grass, 594_grass, 599_grave, 621_hair, 621_hair, 648_head, 650_headpad, 654_heart, 667_hoe, 681_house, 719_jaw, 803_knife, 81_banana, 822_leaf, 913_mouth, 921_name, 939_nose, 944_oil, 978_palmtree, 980_pap, 980_pap
miss1255:2	0	0	0	0	0	0	0	2	0	0	0	0	0	12	7 35 174 201 212 283 342 351 392 467 587 637	1003_person, 1027_plantain, 1290_star, 1311_stormwind, 1312_story, 1416_tree, 1552_zinc, 157_bird, 237_cap, 365_cup, 500_fence, 557_friend
abar1239:4 biya1235:2 munk1244:4 ngun1279:4	4	2	0	0	0	0	0	0	0	0	4	0	4	4	15 301 526 611	1017_pig, 1484_war, 428_drum, 527_fish
mbuu1238:4	0	0	0	0	0	0	4	0	0	0	0	0	0	23	20 114 144 183 232 303 312 330 368 389 461 475 495 516 537 553 608 685 717 748 818 841 854	1017_pig, 1167_seed, 1240_snake, 1290_star, 1325_sun, 1484_war, 1490_water, 1541_xylophone, 163_blood, 194_broom, 351_crab, 365_cup, 381_day, 40_air, 430_dryseason, 443_egg, 522_fireside, 599_grave, 650_headpad, 681_house, 905_moon, 921_name, 944_oil
buuu1246:4 fang1248:4 kosh1246:3 miss1255:2 mufu1234:2	0	0	4	4	3	0	0	2	2	0	0	0	0	1	14	1017_pig
mund1340:4	0	0	0	0	0	0	0	0	0	4	0	0	0	5	18 206 240 715 786	1017_pig, 1311_stormwind, 1367_termite, 650_headpad, 81_banana
abar1239:4 biya1235:1 buuu1246:3 miss1255:2 munk1244:4 ngun1279:4	4	1	3	0	0	0	0	2	0	0	4	0	4	1	21	1022_pineapple
buuu1246:1 fang1248:4 kung1260:1 mbuu1238:4 mund1340:4	0	0	1	4	0	1	4	0	0	4	0	0	0	1	25	1022_pineapple
biya1235:1 kung1260:1 mufu1234:1	0	1	0	0	0	1	0	0	1	0	0	0	0	1	24	1022_pineapple
kosh1246:3	0	0	0	0	3	0	0	0	0	0	0	0	0	8	27 339 492 504 551 578 660 802	1022_pineapple, 1542_yam, 381_day, 391_devil, 443_egg, 484_farm, 590_goat, 889_medicine
kung1260:1	0	0	0	0	0	1	0	0	0	0	0	0	0	24	28 115 111 195 211 231 236 265 333 350 372 381 382 406 508 523 609 636 724 731 768 798 793 847	1022_pineapple, 1167_seed, 1167_seed, 1306_stomach, 1311_stormwind, 1325_sun, 1325_sun, 1403_toilet, 1541_xylophone, 1552_zinc, 170_book, 192_bridge, 192_bridge, 247_casecourtn, 391_devil, 412_dog, 522_fireside, 556_fowl, 654_heart, 661_hill, 76_bag, 822_leaf, 822_leaf, 939_nose
mufu1234:1	0	0	0	0	0	0	0	0	1	0	0	0	0	8	22 148 289 292 726 791 820 865	1022_pineapple, 1247_soap, 1451_umbrella, 1451_umbrella, 661_hill, 822_leaf, 909_mother, 95_bat
abar1239:4 biya1235:2 miss1255:2 munk1244:4 naki1238:2 ngun1279:4	4	2	0	0	0	0	0	2	0	0	4	2	4	1	29	1024_place
buuu1246:4 fang1248:4 kosh1246:4 mbuu1238:4	0	0	4	4	4	0	4	0	0	0	0	0	0	1	32	1024_place
kung1260:2	0	0	0	0	0	2	0	0	0	0	0	0	0	39	33 31 85 113 155 169 227 245 255 263 282 311 307 317 340 337 454 451 473 471 493 515 512 529 544 541 552 561 635 657 661 738 762 796 817 815 845 860 893	1024_place, 1024_place, 1123_road, 1167_seed, 1249_soldierant, 1266_spider, 1325_sun, 1367_termite, 139_bed, 1403_toilet, 1409_trap, 1490_water, 1490_water, 1513_winglesstermite, 1542_yam, 1542_yam, 340_corn, 340_corn, 365_cup, 365_cup, 381_day, 40_air, 40_air, 428_drum, 433_dust, 433_dust, 443_egg, 458_elephantstalk, 556_fowl, 584_gizzardfowl, 590_goat, 667_hoe, 719_jaw, 822_leaf, 905_moon, 905_moon, 939_nose, 958_owl, 980_pap
mufu1234:2 mund1340:3	0	0	0	0	0	0	0	0	2	3	0	0	0	3	30 487 539	1024_place, 381_day, 433_dust
mund1340:1	0	0	0	0	0	0	0	0	0	1	0	0	0	8	34 298 291 439 446 533 669 834	1024_place, 1451_umbrella, 1451_umbrella, 334_compound, 334_compound, 428_drum, 594_grass, 913_mouth
abar1239:4 biya1235:1 kosh1246:2 ngun1279:4	4	1	0	0	2	0	0	0	0	0	0	0	4	1	36	1027_plantain
biya1235:1 buuu1246:4 fang1248:4 mbuu1238:4 mufu1234:2 mund1340:4	0	1	4	4	0	0	4	0	2	4	0	0	0	1	37	1027_plantain
munk1244:4	0	0	0	0	0	0	0	0	0	0	4	0	0	2	42 326	1027_plantain, 1526_workn
abar1239:4 biya1235:1 ngun1279:2	4	1	0	0	0	0	0	0	0	0	0	0	2	1	44	1044_pot
mbuu1238:4 ngun1279:2	0	0	0	0	0	0	4	0	0	0	0	0	2	1	50	1044_pot
biya1235:1 munk1244:4	0	1	0	0	0	0	0	0	0	0	4	0	0	1	49	1044_pot
buuu1246:4	0	0	4	0	0	0	0	0	0	0	0	0	0	8	51 209 219 388 474 530 651 789	1044_pot, 1311_stormwind, 1312_story, 194_broom, 365_cup, 428_drum, 574_gardenegg, 81_banana
fang1248:4	0	0	0	4	0	0	0	0	0	0	0	0	0	15	48 136 142 308 366 403 440 514 521 573 634 708 746 753 876	1044_pot, 1238_smoke, 1240_snake, 1490_water, 163_blood, 247_casecourtn, 334_compound, 40_air, 412_dog, 477_faeces, 556_fowl, 623_hand, 681_house, 713_intestine, 975_palmnut
kosh1246:3 mufu1234:2 mund1340:4	0	0	0	0	3	0	0	0	2	4	0	0	0	1	45	1044_pot
miss1255:2 naki1238:2	0	0	0	0	0	0	0	2	0	0	0	2	0	1	43	1044_pot
abar1239:4 biya1235:2 fang1248:4 kung1260:1 mund1340:4 munk1244:4 naki1238:2 ngun1279:4	4	2	0	4	0	1	0	0	0	4	4	2	4	1	53	1046_potato
buuu1246:4 kung1260:3 mbuu1238:4	0	0	4	0	0	3	4	0	0	0	0	0	0	1	54	1046_potato
kosh1246:4	0	0	0	0	4	0	0	0	0	0	0	0	0	3	55 108 427	1046_potato, 1150_sand, 276_chief
miss1255:2 mufu1234:2	0	0	0	0	0	0	0	2	2	0	0	0	0	1	52	1046_potato
abar1239:4 biya1235:2 buuu1246:4 fang1248:3 kosh1246:3 mbuu1238:4 miss1255:2 mufu1234:2 mund1340:4 munk1244:4 ngun1279:3	4	2	4	3	3	0	4	2	2	4	4	0	3	1	56	1076_raffiabamboo
ngun1279:1	0	0	0	0	0	0	0	0	0	0	0	0	1	14	60 171 223 247 278 299 322 371 681 698 723 770 824 855	1076_raffiabamboo, 1266_spider, 1312_story, 1367_termite, 1409_trap, 1451_umbrella, 1513_winglesstermite, 170_book, 596_grasshopper, 620_hailstone, 654_heart, 803_knife, 90_basket, 944_oil
abar1239:4 biya1235:2 miss1255:2 munk1244:4 ngun1279:4	4	2	0	0	0	0	0	2	0	0	4	0	4	11	61 196 383 448 563 590 632 742 790 830 842	1079_rain, 1307_stone, 194_broom, 340_corn, 474_eye, 50_animal, 556_fowl, 681_house, 822_leaf, 913_mouth, 939_nose
fang1248:4 mbuu1238:4	0	0	0	4	0	0	4	0	0	0	0	0	0	3	66 453 543	1079_rain, 340_corn, 433_dust
buuu1246:4 kosh1246:3 mund1340:4 naki1238:2	0	0	4	0	3	0	0	0	0	4	0	2	0	1	63	1079_rain
mufu1234:2	0	0	0	0	0	0	0	0	2	0	0	0	0	2	62 783	1079_rain, 81_banana
abar1239:2 ngun1279:1	2	0	0	0	0	0	0	0	0	0	0	0	1	1	72	1080_rainbow
abar1239:2	2	0	0	0	0	0	0	0	0	0	0	0	0	4	79 560 606 776	1080_rainbow, 458_elephantstalk, 522_fireside, 803_knife
biya1235:1 kung1260:2 mbuu1238:3	0	1	0	0	0	2	3	0	0	0	0	0	0	1	73	1080_rainbow
biya1235:1 munk1244:2 ngun1279:2	0	1	0	0	0	0	0	0	0	0	2	0	2	2	68 243	1080_rainbow, 1367_termite
buuu1246:2	0	0	2	0	0	0	0	0	0	0	0	0	0	6	75 184 248 279 349 562	1080_rainbow, 1290_star, 1367_termite, 1409_trap, 1552_zinc, 458_elephantstalk
buuu1246:1	0	0	1	0	0	0	0	0	0	0	0	0	0	5	77 156 246 455 496	1080_rainbow, 1249_soldierant, 1367_termite, 340_corn, 381_day
fang1248:2	0	0	0	2	0	0	0	0	0	0	0	0	0	11	71 76 92 128 190 294 505 600 622 852 866	1080_rainbow, 1080_rainbow, 1134_root, 1219_sky, 1306_stomach, 1451_umbrella, 391_devil, 519_fire, 541_flybird, 944_oil, 95_bat
mufu1234:1 mund1340:4	0	0	0	0	0	0	0	0	1	4	0	0	0	3	69 478 557	1080_rainbow, 371_cutlass, 458_elephantstalk
munk1244:2	0	0	0	0	0	0	0	0	0	0	2	0	0	5	80 210 249 862 879	1080_rainbow, 1311_stormwind, 1367_termite, 958_owl, 975_palmnut
miss1255:2 ngun1279:1	0	0	0	0	0	0	0	2	0	0	0	0	1	1	67	1080_rainbow
abar1239:2 biya1235:2 kosh1246:1 ngun1279:3	2	2	0	0	1	0	0	0	0	0	0	0	3	1	83	1123_road
buuu1246:4 fang1248:2 kosh1246:1 mbuu1238:4 mufu1234:2 mund1340:4 naki1238:2	0	0	4	2	1	0	4	0	2	4	0	2	0	1	84	1123_road
munk1244:4 ngun1279:1	0	0	0	0	0	0	0	0	0	0	4	0	1	1	86	1123_road
miss1255:1	0	0	0	0	0	0	0	1	0	0	0	0	0	16	81 82 123 150 165 188 271 313 398 524 525 554 555 803 804 835	1123_road, 1123_road, 1219_sky, 1249_soldierant, 1266_spider, 1306_stomach, 1409_trap, 1513_winglesstermite, 247_casecourtn, 428_drum, 428_drum, 458_elephantstalk, 458_elephantstalk, 903_monkey, 903_monkey, 921_name
abar1239:2 biya1235:2 kosh1246:3 mbuu1238:4 mund1340:1 munk1244:2 ngun1279:2	2	2	0	0	3	0	4	0	0	1	2	0	2	1	90	1134_root
abar1239:2 buuu1246:2 miss1255:2 munk1244:2 ngun1279:2	2	0	2	0	0	0	0	2	0	0	2	0	2	1	87	1134_root
buuu1246:2 kosh1246:1 mund1340:1	0	0	2	0	1	0	0	0	0	1	0	0	0	1	93	1134_root
fang1248:1	0	0	0	1	0	0	0	0	0	0	0	0	0	13	91 122 179 234 229 233 235 318 338 532 664 721 870	1134_root, 1206_sieve, 1290_star, 1325_sun, 1325_sun, 1325_sun, 1325_sun, 1513_winglesstermite, 1542_yam, 428_drum, 592_gong, 654_heart, 95_bat
mufu1234:2 mund1340:2 naki1238:2	0	0	0	0	0	0	0	0	2	2	0	2	0	1	88	1134_root
abar1239:2 biya1235:2 miss1255:2 munk1244:4 ngun1279:4	2	2	0	0	0	0	0	2	0	0	4	0	4	1	94	1136_rope
buuu1246:1 mbuu1238:4	0	0	1	0	0	0	4	0	0	0	0	0	0	1	98	1136_rope
buuu1246:3	0	0	3	0	0	0	0	0	0	0	0	0	0	1	97	1136_rope
fang1248:4 kosh1246:2 mufu1234:2 mund1340:4 naki1238:2	0	0	0	4	2	0	0	0	2	4	0	2	0	1	95	1136_rope
abar1239:3 ngun1279:1	3	0	0	0	0	0	0	0	0	0	0	0	1	1	104	1148_salt
abar1239:1 mufu1234:2 mund1340:4	1	0	0	0	0	0	0	0	2	4	0	0	0	1	100	1148_salt
kung1260:4 mbuu1238:4	0	0	0	0	0	4	4	0	0	0	0	0	0	3	102 121 410	1148_salt, 1206_sieve, 250_cat
biya1235:2 buuu1246:4 fang1248:4 kosh1246:2 miss1255:2 munk1244:4 ngun1279:3	0	2	4	4	2	0	0	2	0	0	4	0	3	1	99	1148_salt
abar1239:2 biya1235:2 buuu1246:4 fang1248:4 mbuu1238:4 miss1255:1 mufu1234:2 mund1340:4 munk1244:4 ngun1279:4	2	2	4	4	0	0	4	1	2	4	4	0	4	1	106	1150_sand
kung1260:4 miss1255:1	0	0	0	0	0	4	0	1	0	0	0	0	0	1	105	1150_sand
abar1239:3 miss1255:2 munk1244:3 ngun1279:3	3	0	0	0	0	0	0	2	0	0	3	0	3	1	109	1167_seed
abar1239:1 biya1235:2 buuu1246:4 fang1248:3 kosh1246:3 mufu1234:2 mund1340:4 munk1244:1 naki1238:2 ngun1279:1	1	2	4	3	3	0	0	0	2	4	1	2	1	1	110	1167_seed
abar1239:4 biya1235:2 buuu1246:2 kung1260:4 mbuu1238:4 miss1255:2 mufu1234:2 mund1340:4 munk1244:3 ngun1279:4	4	2	2	0	0	4	4	2	2	4	3	0	4	1	116	1189_sheep
fang1248:4 kosh1246:2 naki1238:2	0	0	0	4	2	0	0	0	0	0	0	2	0	1	117	1189_sheep
abar1239:4 biya1235:2 buuu1246:4 fang1248:1 kosh1246:4 miss1255:2 mufu1234:2 mund1340:4 munk1244:4 ngun1279:4	4	2	4	1	4	0	0	2	2	4	4	0	4	1	119	1206_sieve
abar1239:3 buuu1246:4 miss1255:1	3	0	4	0	0	0	0	1	0	0	0	0	0	1	124	1219_sky
abar1239:1	1	0	0	0	0	0	0	0	0	0	0	0	0	9	130 137 193 241 280 321 316 447 871	1219_sky, 1238_smoke, 1306_stomach, 1367_termite, 1409_trap, 1513_winglesstermite, 1513_winglesstermite, 334_compound, 95_bat
biya1235:2 mbuu1238:3 munk1244:3 ngun1279:3	0	2	0	0	0	0	3	0	0	0	3	0	3	1	125	1219_sky
mbuu1238:1	0	0	0	0	0	0	1	0	0	0	0	0	0	16	131 173 170 192 194 220 417 430 443 595 625 624 722 756 829 868	1219_sky, 1266_spider, 1266_spider, 1306_stomach, 1306_stomach, 1312_story, 253_caterpillar, 277_child, 334_compound, 50_animal, 541_flybird, 541_flybird, 654_heart, 713_intestine, 90_basket, 95_bat
kosh1246:2 mufu1234:1 mund1340:4 naki1238:2	0	0	0	0	2	0	0	0	1	4	0	2	0	1	126	1219_sky
munk1244:1 ngun1279:1	0	0	0	0	0	0	0	0	0	0	1	0	1	2	129 604	1219_sky, 522_fireside
abar1239:3 biya1235:2 buuu1246:4 kosh1246:2 mbuu1238:4 miss1255:2 mufu1234:2 mund1340:4 munk1244:4 ngun1279:4	3	2	4	0	2	0	4	2	2	4	4	0	4	1	132	1238_smoke
abar1239:4	4	0	0	0	0	0	0	0	0	0	0	0	0	3	143 180 650	1240_snake, 1290_star, 574_gardenegg
biya1235:2 miss1255:2 munk1244:4 ngun1279:4	0	2	0	0	0	0	0	2	0	0	4	0	4	3	138 501 757	1240_snake, 391_devil, 719_jaw
buuu1246:4 mufu1234:2 mund1340:4	0	0	4	0	0	0	0	0	2	4	0	0	0	2	139 548	1240_snake, 443_egg
kosh1246:3 kung1260:4	0	0	0	0	3	4	0	0	0	0	0	0	0	1	141	1240_snake
abar1239:4 biya1235:2 buuu1246:4 fang1248:2 kosh1246:4 kung1260:4 mbuu1238:4 miss1255:2 munk1244:4 naki1238:2 ngun1279:4	4	2	4	2	4	4	4	2	0	0	4	2	4	1	145	1247_soap
mufu1234:1 mund1340:1	0	0	0	0	0	0	0	0	1	1	0	0	0	1	146	1247_soap
mund1340:3	0	0	0	0	0	0	0	0	0	3	0	0	0	2	147 592	1247_soap, 50_animal
abar1239:4 biya1235:1 miss1255:1 munk1244:3 ngun1279:4	4	1	0	0	0	0	0	1	0	0	3	0	4	1	149	1249_soldierant
fang1248:3 kosh1246:2 mbuu1238:1 mufu1234:1 mund1340:1	0	0	0	3	2	0	1	0	1	1	0	0	0	1	151	1249_soldierant
mbuu1238:3	0	0	0	0	0	0	3	0	0	0	0	0	0	7	157 221 444 594 615 755 777	1249_soldierant, 1312_story, 334_compound, 50_animal, 527_fish, 713_intestine, 803_knife
biya1235:1	0	1	0	0	0	0	0	0	0	0	0	0	0	9	154 181 230 242 295 309 442 821 891	1249_soldierant, 1290_star, 1325_sun, 1367_termite, 1451_umbrella, 1490_water, 334_compound, 909_mother, 980_pap
buuu1246:3 mufu1234:1 mund1340:3	0	0	3	0	0	0	0	0	1	3	0	0	0	1	153	1249_soldierant
munk1244:1	0	0	0	0	0	0	0	0	0	0	1	0	0	15	159 186 222 281 320 331 405 412 419 418 466 581 643 732 810	1249_soldierant, 1290_star, 1312_story, 1409_trap, 1513_winglesstermite, 1541_xylophone, 247_casecourtn, 250_cat, 253_caterpillar, 253_caterpillar, 359_cricket, 487_father, 557_friend, 661_hill, 903_monkey
abar1239:4 biya1235:2 buuu1246:4 fang1248:4 kosh1246:3 mbuu1238:4 miss1255:2 mund1340:4 munk1244:4 ngun1279:4	4	2	4	4	3	0	4	2	0	4	4	0	4	1	160	1252_song
mufu1234:2 naki1238:2	0	0	0	0	0	0	0	0	2	0	0	2	0	1	161	1252_song
abar1239:4 biya1235:2 miss1255:1 munk1244:4 ngun1279:2	4	2	0	0	0	0	0	1	0	0	4	0	2	1	164	1266_spider
buuu1246:3 fang1248:3 kosh1246:2 mufu1234:1 mund1340:4	0	0	3	3	2	0	0	0	1	4	0	0	0	1	166	1266_spider
biya1235:1 naki1238:2 ngun1279:4	0	1	0	0	0	0	0	0	0	0	0	2	4	1	175	1290_star
fang1248:2 kosh1246:3	0	0	0	2	3	0	0	0	0	0	0	0	0	2	182 737	1290_star, 667_hoe
mufu1234:2 mund1340:4	0	0	0	0	0	0	0	0	2	4	0	0	0	17	176 214 335 344 353 363 394 409 449 598 627 750 758 837 858 883 888	1290_star, 1312_story, 1542_yam, 1552_zinc, 157_bird, 163_blood, 237_cap, 250_cat, 340_corn, 519_fire, 550_forest, 713_intestine, 719_jaw, 921_name, 958_owl, 978_palmtree, 980_pap
munk1244:3	0	0	0	0	0	0	0	0	0	0	3	0	0	4	185 319 332 779	1290_star, 1513_winglesstermite, 1541_xylophone, 803_knife
abar1239:3 biya1235:2 buuu1246:4 fang1248:2 kosh1246:2 kung1260:3 mbuu1238:2 miss1255:1 mufu1234:2 mund1340:4 munk1244:4 ngun1279:4	3	2	4	2	2	3	2	1	2	4	4	0	4	1	187	1306_stomach
fang1248:1 mbuu1238:4	0	0	0	1	0	0	4	0	0	0	0	0	0	2	200 277	1307_stone, 1409_trap
buuu1246:4 fang1248:1 kosh1246:3 mufu1234:2 mund1340:4 naki1238:2	0	0	4	1	3	0	0	0	2	4	0	2	0	1	197	1307_stone
abar1239:4 biya1235:2 munk1244:2 ngun1279:4	4	2	0	0	0	0	0	0	0	0	2	0	4	1	202	1311_stormwind
fang1248:4 mbuu1238:4 mufu1234:2	0	0	0	4	0	0	4	0	2	0	0	0	0	1	203	1311_stormwind
kung1260:3	0	0	0	0	0	3	0	0	0	0	0	0	0	6	205 385 503 668 728 853	1311_stormwind, 194_broom, 391_devil, 594_grass, 661_hill, 944_oil
abar1239:4 biya1235:2 munk1244:3 ngun1279:3	4	2	0	0	0	0	0	0	0	0	3	0	3	1	213	1312_story
fang1248:4 kosh1246:2 naki1238:1	0	0	0	4	2	0	0	0	0	0	0	1	0	1	218	1312_story
naki1238:1	0	0	0	0	0	0	0	0	0	0	0	1	0	9	215 264 628 689 692 697 869 874 878	1312_story, 1403_toilet, 550_forest, 618_gun, 618_gun, 620_hailstone, 95_bat, 975_palmnut, 975_palmnut
abar1239:4 biya1235:1 buuu1246:4 miss1255:2 munk1244:4 ngun1279:4	4	1	4	0	0	0	0	2	0	0	4	0	4	1	224	1325_sun
kosh1246:2 mufu1234:2 mund1340:4	0	0	0	0	2	0	0	0	2	4	0	0	0	3	225 510 569	1325_sun, 40_air, 477_faeces
abar1239:1 mbuu1238:4 miss1255:2	1	0	0	0	0	0	4	2	0	0	0	0	0	1	237	1367_termite
fang1248:2 mufu1234:2	0	0	0	2	0	0	0	0	2	0	0	0	0	1	238	1367_termite
abar1239:4 buuu1246:1 mufu1234:2 mund1340:4	4	0	1	0	0	0	0	0	2	4	0	0	0	1	253	139_bed
fang1248:4 kosh1246:3 mbuu1238:3	0	0	0	4	3	0	3	0	0	0	0	0	0	1	257	139_bed
buuu1246:3 mbuu1238:1 miss1255:2	0	0	3	0	0	0	1	2	0	0	0	0	0	1	251	139_bed
biya1235:2 munk1244:4 ngun1279:4	0	2	0	0	0	0	0	0	0	0	4	0	4	3	252 556 645	139_bed, 458_elephantstalk, 574_gardenegg
abar1239:4 biya1235:2 miss1255:1 munk1244:4	4	2	0	0	0	0	0	1	0	0	4	0	0	1	259	1403_toilet
mbuu1238:4 mufu1234:2	0	0	0	0	0	0	4	0	2	0	0	0	0	1	261	1403_toilet
buuu1246:4 fang1248:2 kosh1246:3 miss1255:1 mund1340:4 naki1238:1	0	0	4	2	3	0	0	1	0	4	0	1	0	1	258	1403_toilet
ngun1279:4	0	0	0	0	0	0	0	0	0	0	0	0	4	3	260 767 812	1403_toilet, 76_bag, 905_moon
abar1239:4 biya1235:2 buuu1246:4 fang1248:4 kosh1246:4 mbuu1238:4 miss1255:2 mufu1234:2 mund1340:4 munk1244:4 naki1238:2 ngun1279:4	4	2	4	4	4	0	4	2	2	4	4	2	4	1	266	1404_tongue
abar1239:4 biya1235:2 kung1260:4 mbuu1238:4 miss1255:2 munk1244:4 ngun1279:4	4	2	0	0	0	4	4	2	0	0	4	0	4	1	268	1405_tooth
buuu1246:4 fang1248:4 kosh1246:2 mufu1234:2 mund1340:4	0	0	4	4	2	0	0	0	2	4	0	0	0	1	269	1405_tooth
abar1239:3 biya1235:2 buuu1246:2 kosh1246:1 kung1260:1 mufu1234:1 mund1340:2 munk1244:3 ngun1279:3	3	2	2	0	1	1	0	0	1	2	3	0	3	1	273	1409_trap
fang1248:3	0	0	0	3	0	0	0	0	0	0	0	0	0	7	276 341 485 490 678 690 775	1409_trap, 1542_yam, 374_dance, 381_day, 596_grasshopper, 618_gun, 803_knife
kosh1246:2 miss1255:1	0	0	0	0	2	0	0	1	0	0	0	0	0	1	272	1409_trap
kosh1246:1 naki1238:2	0	0	0	0	1	0	0	0	0	0	0	2	0	2	274 576	1409_trap, 484_farm
mufu1234:1 mund1340:2	0	0	0	0	0	0	0	0	1	2	0	0	0	1	275	1409_trap
abar1239:4 biya1235:2 buuu1246:1 mbuu1238:4 munk1244:4 naki1238:2 ngun1279:4	4	2	1	0	0	0	4	0	0	0	4	2	4	1	284	1416_tree
buuu1246:3 fang1248:4 kosh1246:2 mufu1234:2 mund1340:4	0	0	3	4	2	0	0	0	2	4	0	0	0	1	285	1416_tree
abar1239:4 biya1235:1 buuu1246:4 kosh1246:1 kung1260:3 mbuu1238:4 miss1255:1 munk1244:4 ngun1279:1	4	1	4	0	1	3	4	1	0	0	4	0	1	1	287	1451_umbrella
miss1255:1 mund1340:2	0	0	0	0	0	0	0	1	0	2	0	0	0	1	288	1451_umbrella
ngun1279:2	0	0	0	0	0	0	0	0	0	0	0	0	2	3	297 348 778	1451_umbrella, 1552_zinc, 803_knife
buuu1246:4 fang1248:2 kosh1246:3 kung1260:4 miss1255:2 mufu1234:2 mund1340:4 naki1238:2	0	0	4	2	3	4	0	2	2	4	0	2	0	1	300	1484_war
abar1239:4 biya1235:1 miss1255:2 munk1244:4 ngun1279:4	4	1	0	0	0	0	0	2	0	0	4	0	4	1	304	1490_water
buuu1246:4 kosh1246:1 mufu1234:2 mund1340:4	0	0	4	0	1	0	0	0	2	4	0	0	0	1	305	1490_water
buuu1246:2 fang1248:1 kosh1246:2 mbuu1238:4 mufu1234:2 mund1340:4 naki1238:2	0	0	2	1	2	0	4	0	2	4	0	2	0	1	315	1513_winglesstermite
biya1235:2 buuu1246:1 ngun1279:3	0	2	1	0	0	0	0	0	0	0	0	0	3	1	314	1513_winglesstermite
abar1239:2 biya1235:1 ngun1279:2	2	1	0	0	0	0	0	0	0	0	0	0	2	1	325	1526_workn
buuu1246:1 kung1260:2 mbuu1238:4 ngun1279:2	0	0	1	0	0	2	4	0	0	0	0	0	2	1	324	1526_workn
biya1235:1 buuu1246:3 fang1248:2 kosh1246:2 miss1255:2 mufu1234:2 mund1340:4 naki1238:2	0	1	3	2	2	0	0	2	2	4	0	2	0	1	323	1526_workn
abar1239:3 biya1235:2 miss1255:2 mufu1234:2 mund1340:4 ngun1279:4	3	2	0	0	0	0	0	2	2	4	0	0	4	1	327	1541_xylophone
buuu1246:4 fang1248:4 kosh1246:4 kung1260:2	0	0	4	4	4	2	0	0	0	0	0	0	0	1	329	1541_xylophone
abar1239:4 biya1235:2 buuu1246:4 kosh1246:1 mbuu1238:4 miss1255:2 munk1244:4 ngun1279:4	4	2	4	0	1	0	4	2	0	0	4	0	4	1	334	1542_yam
abar1239:1 biya1235:1 kosh1246:1 munk1244:2 naki1238:2 ngun1279:2	1	1	0	0	1	0	0	0	0	0	2	2	2	1	343	1552_zinc
abar1239:1 biya1235:1 buuu1246:2 kung1260:3 mbuu1238:4	1	1	2	0	0	3	4	0	0	0	0	0	0	1	345	1552_zinc
fang1248:2 munk1244:2	0	0	0	2	0	0	0	0	0	0	2	0	0	1	346	1552_zinc
abar1239:4 munk1244:4	4	0	0	0	0	0	0	0	0	0	4	0	0	1	356	157_bird
buuu1246:4 fang1248:3 kosh1246:4 kung1260:4 mbuu1238:4	0	0	4	3	4	4	4	0	0	0	0	0	0	1	355	157_bird
biya1235:2 ngun1279:4	0	2	0	0	0	0	0	0	0	0	0	0	4	1	352	157_bird
fang1248:1 naki1238:2	0	0	0	1	0	0	0	0	0	0	0	2	0	1	354	157_bird
abar1239:4 biya1235:2 buuu1246:4 mbuu1238:4 miss1255:2 mund1340:2 munk1244:3 naki1238:2 ngun1279:4	4	2	4	0	0	0	4	2	0	2	3	2	4	1	357	159_bitterleaf
fang1248:4 kosh1246:2	0	0	0	4	2	0	0	0	0	0	0	0	0	2	360 386	159_bitterleaf, 194_broom
mufu1234:2 mund1340:2	0	0	0	0	0	0	0	0	2	2	0	0	0	3	358 378 617	159_bitterleaf, 192_bridge, 541_flybird
abar1239:4 biya1235:2 buuu1246:4 kung1260:3 miss1255:2 munk1244:4 ngun1279:4	4	2	4	0	0	3	0	2	0	0	4	0	4	1	362	163_blood
kung1260:1 naki1238:2	0	0	0	0	0	1	0	0	0	0	0	2	0	1	364	163_blood
abar1239:4 biya1235:2 buuu1246:4 fang1248:4 kosh1246:3 kung1260:2 mbuu1238:4 miss1255:2 mufu1234:2 mund1340:4 munk1244:4 naki1238:2 ngun1279:3	4	2	4	4	3	2	4	2	2	4	4	2	3	1	369	170_book
abar1239:4 biya1235:2 buuu1246:4 fang1248:4 kosh1246:3 mbuu1238:4 miss1255:2 mufu1234:2 mund1340:4 munk1244:4 naki1238:2 ngun1279:4	4	2	4	4	3	0	4	2	2	4	4	2	4	1	373	184_breast
abar1239:4 biya1235:2 buuu1246:2 fang1248:4 kosh1246:1 mbuu1238:2 miss1255:1 munk1244:4 naki1238:2 ngun1279:4	4	2	2	4	1	0	2	1	0	0	4	2	4	1	376	192_bridge
buuu1246:2 kung1260:2	0	0	2	0	0	2	0	0	0	0	0	0	0	1	379	192_bridge
kosh1246:1 miss1255:1	0	0	0	0	1	0	0	1	0	0	0	0	0	1	377	192_bridge
mufu1234:2 mund1340:4 naki1238:2	0	0	0	0	0	0	0	0	2	4	0	2	0	2	384 800	194_broom, 889_medicine
abar1239:3 biya1235:2 kung1260:2 miss1255:1 munk1244:4 ngun1279:4	3	2	0	0	0	2	0	1	0	0	4	0	4	1	390	233_camwood
buuu1246:4 fang1248:2 kosh1246:2 mbuu1238:4 mufu1234:2 mund1340:4 naki1238:2	0	0	4	2	2	0	4	0	2	4	0	2	0	1	391	233_camwood
abar1239:2 buuu1246:2 fang1248:2 kosh1246:3 mbuu1238:3	2	0	2	2	3	0	3	0	0	0	0	0	0	1	397	237_cap
biya1235:1 ngun1279:4	0	1	0	0	0	0	0	0	0	0	0	0	4	1	393	237_cap
biya1235:1 kung1260:4 munk1244:3	0	1	0	0	0	4	0	0	0	0	3	0	0	1	396	237_cap
abar1239:1 biya1235:2 miss1255:1 munk1244:3 ngun1279:4	1	2	0	0	0	0	0	1	0	0	3	0	4	1	399	247_casecourtn
abar1239:1 buuu1246:4 kosh1246:3 mufu1234:2 mund1340:4	1	0	4	0	3	0	0	0	2	4	0	0	0	1	400	247_casecourtn
kung1260:2 mbuu1238:4	0	0	0	0	0	2	4	0	0	0	0	0	0	2	404 531	247_casecourtn, 428_drum
abar1239:4 biya1235:2 munk1244:3 ngun1279:4	4	2	0	0	0	0	0	0	0	0	3	0	4	2	408 588	250_cat, 500_fence
buuu1246:4 miss1255:2 naki1238:2	0	0	4	0	0	0	0	2	0	0	0	2	0	1	407	250_cat
fang1248:4 kosh1246:3	0	0	0	4	3	0	0	0	0	0	0	0	0	3	411 649 840	250_cat, 574_gardenegg, 921_name
abar1239:4 biya1235:2 buuu1246:4 miss1255:1 mufu1234:1 munk1244:2 naki1238:2 ngun1279:4	4	2	4	0	0	0	0	1	1	0	2	2	4	1	413	253_caterpillar
kung1260:4 mbuu1238:3 miss1255:1	0	0	0	0	0	4	3	1	0	0	0	0	0	1	414	253_caterpillar
fang1248:4 kosh1246:2 mufu1234:1 mund1340:4	0	0	0	4	2	0	0	0	1	4	0	0	0	1	415	253_caterpillar
abar1239:3 buuu1246:1 fang1248:4 kosh1246:3 kung1260:4 mbuu1238:4	3	0	1	4	3	4	4	0	0	0	0	0	0	1	423	264_chair
abar1239:1 biya1235:2 mund1340:3 munk1244:4 ngun1279:2	1	2	0	0	0	0	0	0	0	3	4	0	2	1	421	264_chair
buuu1246:2 miss1255:2 mufu1234:2 mund1340:1 ngun1279:2	0	0	2	0	0	0	0	2	2	1	0	0	2	1	420	264_chair
abar1239:4 biya1235:2 buuu1246:4 fang1248:4 mbuu1238:4 miss1255:2 mufu1234:2 mund1340:4 munk1244:4 naki1238:2 ngun1279:4	4	2	4	4	0	0	4	2	2	4	4	2	4	1	425	276_chief
abar1239:4 biya1235:2 buuu1246:4 fang1248:4 kosh1246:2 kung1260:4 mbuu1238:3 miss1255:2 mufu1234:2 mund1340:4 munk1244:4 ngun1279:4	4	2	4	4	2	4	3	2	2	4	4	0	4	1	428	277_child
abar1239:2 miss1255:2 munk1244:3	2	0	0	0	0	0	0	2	0	0	3	0	0	1	431	304_cloth
fang1248:4 kosh1246:3 mbuu1238:2 mufu1234:2 mund1340:4 naki1238:2	0	0	0	4	3	0	2	0	2	4	0	2	0	1	433	304_cloth
biya1235:2 buuu1246:2 ngun1279:4	0	2	2	0	0	0	0	0	0	0	0	0	4	1	432	304_cloth
abar1239:3 biya1235:1 munk1244:3 ngun1279:1	3	1	0	0	0	0	0	0	0	0	3	0	1	1	441	334_compound
buuu1246:4 kosh1246:3 mufu1234:2 mund1340:2	0	0	4	0	3	0	0	0	2	2	0	0	0	1	436	334_compound
miss1255:2 ngun1279:3	0	0	0	0	0	0	0	2	0	0	0	0	3	1	435	334_compound
buuu1246:3 kosh1246:4	0	0	3	0	4	0	0	0	0	0	0	0	0	1	452	340_corn
abar1239:4 biya1235:2 buuu1246:4 fang1248:4 kosh1246:4 kung1260:4 mbuu1238:2 miss1255:2 mufu1234:2 mund1340:4 munk1244:4 ngun1279:4	4	2	4	4	4	4	2	2	2	4	4	0	4	1	456	348_cowcattle
abar1239:3 biya1235:2 munk1244:2 ngun1279:4	3	2	0	0	0	0	0	0	0	0	2	0	4	1	459	351_crab
abar1239:1 buuu1246:4 fang1248:4 kosh1246:3 kung1260:4 miss1255:2 mufu1234:2 mund1340:4 munk1244:1 naki1238:2	1	0	4	4	3	4	0	2	2	4	1	2	0	1	458	351_crab
abar1239:4 biya1235:2 miss1255:2 munk1244:3 ngun1279:4	4	2	0	0	0	0	0	2	0	0	3	0	4	3	462 517 574	359_cricket, 412_dog, 484_farm
buuu1246:4 fang1248:3 kosh1246:3 mbuu1238:4 mufu1234:2 mund1340:4 naki1238:2	0	0	4	3	3	0	4	0	2	4	0	2	0	1	463	359_cricket
abar1239:4 biya1235:2 kosh1246:3 munk1244:4 ngun1279:4	4	2	0	0	3	0	0	0	0	0	4	0	4	1	468	365_cup
fang1248:3 mufu1234:2 mund1340:4	0	0	0	3	0	0	0	0	2	4	0	0	0	1	469	365_cup
abar1239:4 biya1235:2 miss1255:2 naki1238:2 ngun1279:2	4	2	0	0	0	0	0	2	0	0	0	2	2	1	476	371_cutlass
buuu1246:4 fang1248:4 mbuu1238:3	0	0	4	4	0	0	3	0	0	0	0	0	0	1	481	371_cutlass
kosh1246:4 mufu1234:1 munk1244:1 ngun1279:1	0	0	0	0	4	0	0	0	1	0	1	0	1	1	480	371_cutlass
munk1244:3 ngun1279:1	0	0	0	0	0	0	0	0	0	0	3	0	1	1	477	371_cutlass
abar1239:4 miss1255:2 munk1244:1 ngun1279:2	4	0	0	0	0	0	0	2	0	0	1	0	2	1	482	374_dance
biya1235:2 buuu1246:4 kosh1246:2 kung1260:4 mbuu1238:4 mufu1234:2 mund1340:4 munk1244:3 naki1238:2	0	2	4	0	2	4	4	0	2	4	3	2	0	1	483	374_dance
abar1239:4 miss1255:2 munk1244:4 ngun1279:3	4	0	0	0	0	0	0	2	0	0	4	0	3	1	486	381_day
biya1235:2 ngun1279:1	0	2	0	0	0	0	0	0	0	0	0	0	1	1	491	381_day
buuu1246:3 fang1248:1 mund1340:1	0	0	3	1	0	0	0	0	0	1	0	0	0	1	494	381_day
abar1239:4 biya1235:2 buuu1246:3 kosh1246:3 mbuu1238:4 munk1244:4 ngun1279:4	4	2	3	0	3	0	4	0	0	0	4	0	4	1	498	385_deitygodgod
buuu1246:1 fang1248:3 kung1260:4	0	0	1	3	0	4	0	0	0	0	0	0	0	1	499	385_deitygodgod
miss1255:2 mufu1234:2 mund1340:4 naki1238:2	0	0	0	0	0	0	0	2	2	4	0	2	0	1	497	385_deitygodgod
abar1239:4 buuu1246:4 mbuu1238:4	4	0	4	0	0	0	4	0	0	0	0	0	0	1	506	391_devil
fang1248:2 mufu1234:2 mund1340:4 naki1238:2	0	0	0	2	0	0	0	0	2	4	0	2	0	1	502	391_devil
abar1239:4 biya1235:2 buuu1246:4 miss1255:2 munk1244:4 ngun1279:4	4	2	4	0	0	0	0	2	0	0	4	0	4	3	509 538 749	40_air, 433_dust, 713_intestine
mbuu1238:2	0	0	0	0	0	0	2	0	0	0	0	0	0	4	522 680 822 828	412_dog, 596_grasshopper, 909_mother, 90_basket
buuu1246:2 mufu1234:2 mund1340:4	0	0	2	0	0	0	0	0	2	4	0	0	0	1	518	412_dog
kosh1246:3 kung1260:3	0	0	0	0	3	3	0	0	0	0	0	0	0	1	520	412_dog
fang1248:2 kosh1246:1 mufu1234:2 mund1340:3	0	0	0	2	1	0	0	0	2	3	0	0	0	1	527	428_drum
abar1239:2 biya1235:2 buuu1246:2 fang1248:2 kosh1246:2 kung1260:2 miss1255:2 mufu1234:2 mund1340:4 munk1244:3 ngun1279:4	2	2	2	2	2	2	0	2	2	4	3	0	4	1	535	430_dryseason
kosh1246:2 mund1340:1	0	0	0	0	2	0	0	0	0	1	0	0	0	1	542	433_dust
abar1239:4 biya1235:2 buuu1246:4 fang1248:4 kosh1246:3 kung1260:4 mbuu1238:4 miss1255:2 mufu1234:2 mund1340:4 munk1244:4 naki1238:2 ngun1279:4	4	2	4	4	3	4	4	2	2	4	4	2	4	1	545	435_ear
abar1239:4 biya1235:2 kung1260:2 miss1255:2 munk1244:4 ngun1279:4	4	2	0	0	0	2	0	2	0	0	4	0	4	1	547	443_egg
fang1248:4 naki1238:2	0	0	0	4	0	0	0	0	0	0	0	2	0	2	549 814	443_egg, 905_moon
fang1248:2 mbuu1238:4	0	0	0	2	0	0	4	0	0	0	0	0	0	2	559 739	458_elephantstalk, 667_hoe
kosh1246:2 naki1238:2	0	0	0	0	2	0	0	0	0	0	0	2	0	2	558 727	458_elephantstalk, 661_hill
buuu1246:4 fang1248:3 mbuu1238:4	0	0	4	3	0	0	4	0	0	0	0	0	0	1	567	474_eye
kosh1246:4 mufu1234:2 mund1340:4	0	0	0	0	4	0	0	0	2	4	0	0	0	1	564	474_eye
abar1239:4 biya1235:2 buuu1246:4 mbuu1238:4 miss1255:2 munk1244:4 ngun1279:4	4	2	4	0	0	0	4	2	0	0	4	0	4	1	568	477_faeces
buuu1246:4 fang1248:4 mbuu1238:4 mufu1234:2 mund1340:4	0	0	4	4	0	0	4	0	2	4	0	0	0	1	575	484_farm
abar1239:3 biya1235:1 buuu1246:4 fang1248:1 kosh1246:1 mbuu1238:3 miss1255:2 mufu1234:2 mund1340:4 munk1244:3 naki1238:1	3	1	4	1	1	0	3	2	2	4	3	1	0	1	579	487_father
abar1239:1 biya1235:1 fang1248:1 kosh1246:1 kung1260:4 mbuu1238:1 naki1238:1 ngun1279:4	1	1	0	1	1	4	1	0	0	0	0	1	4	1	580	487_father
abar1239:4 buuu1246:3 kosh1246:1 miss1255:2 munk1244:2 ngun1279:4	4	0	3	0	1	0	0	2	0	0	2	0	4	1	582	493_feather
biya1235:2 kung1260:4 mbuu1238:2 munk1244:2	0	2	0	0	0	4	2	0	0	0	2	0	0	1	585	493_feather
buuu1246:1 fang1248:2 mbuu1238:2 mufu1234:1 mund1340:3	0	0	1	2	0	0	2	0	1	3	0	0	0	1	583	493_feather
kosh1246:3 mund1340:1	0	0	0	0	3	0	0	0	0	1	0	0	0	1	586	493_feather
buuu1246:4 fang1248:3 kosh1246:4 kung1260:4 mbuu1238:4 mufu1234:2 mund1340:4 munk1244:1 naki1238:2	0	0	4	3	4	4	4	0	2	4	1	2	0	1	589	500_fence
buuu1246:4 fang1248:4 kosh1246:3 kung1260:4 mufu1234:1 mund1340:1 naki1238:2	0	0	4	4	3	4	0	0	1	1	0	2	0	1	591	50_animal
abar1239:4 buuu1246:4 mbuu1238:4 miss1255:2	4	0	4	0	0	0	4	2	0	0	0	0	0	1	596	519_fire
biya1235:2 kung1260:4 munk1244:4 ngun1279:4	0	2	0	0	0	4	0	0	0	0	4	0	4	2	597 687	519_fire, 618_gun
biya1235:2 munk1244:1 ngun1279:2	0	2	0	0	0	0	0	0	0	0	1	0	2	1	607	522_fireside
buuu1246:4 fang1248:3 kosh1246:2 miss1255:1 mufu1234:1 mund1340:4 munk1244:2	0	0	4	3	2	0	0	1	1	4	2	0	0	1	603	522_fireside
kung1260:2 miss1255:1 ngun1279:1	0	0	0	0	0	2	0	1	0	0	0	0	1	1	602	522_fireside
fang1248:4 kosh1246:4 mbuu1238:1	0	0	0	4	4	0	1	0	0	0	0	0	0	1	614	527_fish
buuu1246:4 miss1255:2 mufu1234:2 mund1340:4	0	0	4	0	0	0	0	2	2	4	0	0	0	1	610	527_fish
abar1239:2 biya1235:2 buuu1246:2 munk1244:2 ngun1279:2	2	2	2	0	0	0	0	0	0	0	2	0	2	1	623	541_flybird
abar1239:2 buuu1246:2 mbuu1238:2 miss1255:2 munk1244:2 ngun1279:2	2	0	2	0	0	0	2	2	0	0	2	0	2	1	616	541_flybird
fang1248:2 kosh1246:2 mund1340:2	0	0	0	2	2	0	0	0	0	2	0	0	0	1	620	541_flybird
kosh1246:1 kung1260:4	0	0	0	0	1	4	0	0	0	0	0	0	0	2	619 808	541_flybird, 903_monkey
abar1239:4 buuu1246:4 kosh1246:3 kung1260:4 mbuu1238:4 miss1255:2 munk1244:3 naki1238:1 ngun1279:4	4	0	4	0	3	4	4	2	0	0	3	1	4	1	626	550_forest
biya1235:2	0	2	0	0	0	0	0	0	0	0	0	0	0	1	631	550_forest
fang1248:4 munk1244:1	0	0	0	4	0	0	0	0	0	0	1	0	0	1	630	550_forest
buuu1246:4 kosh1246:3 mbuu1238:4 mufu1234:2 mund1340:4 naki1238:2	0	0	4	0	3	0	4	0	2	4	0	2	0	1	633	556_fowl
abar1239:2 biya1235:2 munk1244:1 ngun1279:2	2	2	0	0	0	0	0	0	0	0	1	0	2	1	642	557_friend
abar1239:2 ngun1279:2	2	0	0	0	0	0	0	0	0	0	0	0	2	1	638	557_friend
buuu1246:4 fang1248:4 kosh1246:3 mbuu1238:4 mufu1234:2 mund1340:4 naki1238:2	0	0	4	4	3	0	4	0	2	4	0	2	0	1	639	557_friend
mbuu1238:4 naki1238:2	0	0	0	0	0	0	4	0	0	0	0	2	0	1	646	574_gardenegg
miss1255:2 mufu1234:2 mund1340:4	0	0	0	0	0	0	0	2	2	4	0	0	0	2	644 733	574_gardenegg, 667_hoe
abar1239:2 biya1235:1 munk1244:1 ngun1279:1	2	1	0	0	0	0	0	0	0	0	1	0	1	1	656	584_gizzardfowl
abar1239:2 munk1244:3 ngun1279:1	2	0	0	0	0	0	0	0	0	0	3	0	1	1	655	584_gizzardfowl
biya1235:1 buuu1246:4 mbuu1238:2 miss1255:1 ngun1279:1	0	1	4	0	0	0	2	1	0	0	0	0	1	1	652	584_gizzardfowl
fang1248:3 kosh1246:3 mufu1234:1 mund1340:4 naki1238:2	0	0	0	3	3	0	0	0	1	4	0	2	0	1	653	584_gizzardfowl
abar1239:4 biya1235:2 mbuu1238:4 miss1255:2 munk1244:4 naki1238:2 ngun1279:4	4	2	0	0	0	0	4	2	0	0	4	2	4	1	658	590_goat
buuu1246:4 fang1248:3 mufu1234:2 mund1340:4	0	0	4	3	0	0	0	0	2	4	0	0	0	1	659	590_goat
abar1239:4 biya1235:2 kung1260:1 munk1244:1 ngun1279:4	4	2	0	0	0	1	0	0	0	0	1	0	4	1	663	592_gong
buuu1246:4 fang1248:3 kosh1246:4 kung1260:3 mbuu1238:4 miss1255:2 mufu1234:2 mund1340:4 munk1244:3 naki1238:2	0	0	4	3	4	3	4	2	2	4	3	2	0	1	662	592_gong
abar1239:4 biya1235:2 buuu1246:3 fang1248:4 mbuu1238:4 miss1255:2 mufu1234:1 mund1340:2 munk1244:4 ngun1279:4	4	2	3	4	0	0	4	2	1	2	4	0	4	1	665	594_grass
buuu1246:1 mufu1234:1 mund1340:1	0	0	1	0	0	0	0	0	1	1	0	0	0	1	666	594_grass
abar1239:4 buuu1246:4 mbuu1238:1 munk1244:4	4	0	4	0	0	0	1	0	0	0	4	0	0	1	679	596_grasshopper
biya1235:1 kosh1246:2 kung1260:4 mbuu1238:1 miss1255:2 mund1340:2	0	1	0	0	2	4	1	2	0	2	0	0	0	1	673	596_grasshopper
biya1235:1 ngun1279:3	0	1	0	0	0	0	0	0	0	0	0	0	3	1	674	596_grasshopper
kosh1246:2 mufu1234:1	0	0	0	0	2	0	0	0	1	0	0	0	0	1	675	596_grasshopper
mund1340:2	0	0	0	0	0	0	0	0	0	2	0	0	0	2	677 797	596_grasshopper, 822_leaf
abar1239:4 biya1235:2 buuu1246:4 fang1248:4 kosh1246:3 miss1255:2 mufu1234:2 mund1340:4 munk1244:4 naki1238:2 ngun1279:4	4	2	4	4	3	0	0	2	2	4	4	2	4	1	682	599_grave
abar1239:4 buuu1246:4 mbuu1238:4 miss1255:1	4	0	4	0	0	0	4	1	0	0	0	0	0	1	686	618_gun
fang1248:1 mufu1234:2 mund1340:4	0	0	0	1	0	0	0	0	2	4	0	0	0	1	688	618_gun
abar1239:4 biya1235:2 mbuu1238:2 miss1255:2 munk1244:2 ngun1279:3	4	2	0	0	0	0	2	2	0	0	2	0	3	1	693	620_hailstone
buuu1246:4 fang1248:1 kosh1246:3 mbuu1238:2 mufu1234:1 mund1340:4 munk1244:1 naki1238:1	0	0	4	1	3	0	2	0	1	4	1	1	0	1	694	620_hailstone
fang1248:2 munk1244:1	0	0	0	2	0	0	0	0	0	0	1	0	0	1	696	620_hailstone
abar1239:4 biya1235:2 buuu1246:4 fang1248:4 kosh1246:2 mbuu1238:4 miss1255:2 mufu1234:2 mund1340:4 munk1244:4 ngun1279:4	4	2	4	4	2	0	4	2	2	4	4	0	4	1	699	621_hair
abar1239:4 biya1235:2 buuu1246:4 kosh1246:1 mbuu1238:4 miss1255:2 mund1340:2 munk1244:4 ngun1279:4	4	2	4	0	1	0	4	2	0	2	4	0	4	1	704	623_hand
kosh1246:2 mufu1234:2 mund1340:2	0	0	0	0	2	0	0	0	2	2	0	0	0	1	705	623_hand
abar1239:4 biya1235:2 buuu1246:4 miss1255:2 mufu1234:2 mund1340:4 munk1244:4 naki1238:2 ngun1279:4	4	2	4	0	0	0	0	2	2	4	4	2	4	1	709	648_head
fang1248:4 kosh1246:3 mbuu1238:4	0	0	0	4	3	0	4	0	0	0	0	0	0	2	712 788	648_head, 81_banana
abar1239:2 biya1235:2 buuu1246:1 kung1260:2 miss1255:2 mufu1234:1 munk1244:4 ngun1279:4	2	2	1	0	0	2	0	2	1	0	4	0	4	1	713	650_headpad
buuu1246:3 fang1248:2 kosh1246:3 mufu1234:1 naki1238:2	0	0	3	2	3	0	0	0	1	0	0	2	0	1	714	650_headpad
abar1239:4 biya1235:2 buuu1246:2 fang1248:3 kosh1246:3 kung1260:3 mbuu1238:3 miss1255:2 mufu1234:2 mund1340:4 munk1244:3 naki1238:2 ngun1279:3	4	2	2	3	3	3	3	2	2	4	3	2	3	1	718	654_heart
buuu1246:2 munk1244:1	0	0	2	0	0	0	0	0	0	0	1	0	0	1	720	654_heart
abar1239:4 biya1235:1 buuu1246:3 fang1248:3 kosh1246:1 miss1255:2 mund1340:4 munk1244:2 ngun1279:2	4	1	3	3	1	0	0	2	0	4	2	0	2	1	725	661_hill
kosh1246:1 mbuu1238:4	0	0	0	0	1	0	4	0	0	0	0	0	0	1	729	661_hill
biya1235:1 munk1244:1 ngun1279:2	0	1	0	0	0	0	0	0	0	0	1	0	2	1	730	661_hill
abar1239:4 biya1235:2 buuu1246:4 kung1260:1 munk1244:4 ngun1279:4	4	2	4	0	0	1	0	0	0	0	4	0	4	1	734	667_hoe
abar1239:4 biya1235:2 buuu1246:4 fang1248:2 kung1260:3 mbuu1238:4 munk1244:4 ngun1279:4	4	2	4	2	0	3	4	0	0	0	4	0	4	1	741	676_horse
kosh1246:3 miss1255:2 mufu1234:2 mund1340:4 naki1238:2	0	0	0	0	3	0	0	2	2	4	0	2	0	1	740	676_horse
buuu1246:4 kosh1246:1 mufu1234:2 mund1340:4 naki1238:2	0	0	4	0	1	0	0	0	2	4	0	2	0	1	743	681_house
abar1239:4 buuu1246:4 fang1248:4 kosh1246:3 kung1260:2 mbuu1238:4	4	0	4	4	3	2	4	0	0	0	0	0	0	1	760	719_jaw
abar1239:4 biya1235:2 buuu1246:4 fang1248:4 kosh1246:4 mbuu1238:4 miss1255:2 mufu1234:2 mund1340:4 munk1244:4 ngun1279:4	4	2	4	4	4	0	4	2	2	4	4	0	4	1	763	72_axe
abar1239:4 biya1235:2 buuu1246:4 fang1248:4 kosh1246:4 kung1260:2 mbuu1238:4 miss1255:2 mufu1234:2 mund1340:4 munk1244:4 naki1238:2	4	2	4	4	4	2	4	2	2	4	4	2	0	1	766	76_bag
biya1235:2 miss1255:2 ngun1279:1	0	2	0	0	0	0	0	2	0	0	0	0	1	1	769	803_knife
buuu1246:2 kosh1246:3 mufu1234:2 mund1340:4	0	0	2	0	3	0	0	0	2	4	0	0	0	1	771	803_knife
abar1239:4 biya1235:2 buuu1246:4 fang1248:4 kosh1246:3 kung1260:4 mbuu1238:4 miss1255:2 mufu1234:2 mund1340:4 munk1244:4 ngun1279:4	4	2	4	4	3	4	4	2	2	4	4	0	4	1	780	813_ladder
abar1239:3 biya1235:1 kung1260:2 miss1255:2 munk1244:1 ngun1279:4	3	1	0	0	0	2	0	2	0	0	1	0	4	1	782	81_banana
abar1239:1 biya1235:1 kung1260:1 munk1244:3	1	1	0	0	0	1	0	0	0	0	3	0	0	1	785	81_banana
buuu1246:4 fang1248:4 kosh1246:3 mbuu1238:4 mund1340:2	0	0	4	4	3	0	4	0	0	2	0	0	0	1	794	822_leaf
abar1239:2 biya1235:2 buuu1246:4 fang1248:4 mbuu1238:4 miss1255:2 munk1244:4 ngun1279:4	2	2	4	4	0	0	4	2	0	0	4	0	4	1	799	889_medicine
abar1239:4 biya1235:1 munk1244:2 ngun1279:4	4	1	0	0	0	0	0	0	0	0	2	0	4	1	805	903_monkey
mbuu1238:4 mufu1234:1 mund1340:1	0	0	0	0	0	0	4	0	1	1	0	0	0	1	806	903_monkey
biya1235:1 munk1244:1	0	1	0	0	0	0	0	0	0	0	1	0	0	1	809	903_monkey
buuu1246:4 fang1248:4 kosh1246:3 mufu1234:1 mund1340:3 naki1238:2	0	0	4	4	3	0	0	0	1	3	0	2	0	1	807	903_monkey
abar1239:3 biya1235:2 miss1255:2 munk1244:4	3	2	0	0	0	0	0	2	0	0	4	0	0	1	811	905_moon
abar1239:1 buuu1246:4 mufu1234:2 mund1340:4	1	0	4	0	0	0	0	0	2	4	0	0	0	1	813	905_moon
abar1239:4 biya1235:1 buuu1246:4 fang1248:2 kosh1246:3 kung1260:4 mbuu1238:2 miss1255:2 mufu1234:1 mund1340:4 munk1244:4 naki1238:2 ngun1279:4	4	1	4	2	3	4	2	2	1	4	4	2	4	1	819	909_mother
abar1239:3 miss1255:2 munk1244:4 ngun1279:1	3	0	0	0	0	0	0	2	0	0	4	0	1	1	823	90_basket
buuu1246:4 kosh1246:4 mbuu1238:1 mufu1234:2 mund1340:4	0	0	4	0	4	0	1	0	2	4	0	0	0	1	825	90_basket
biya1235:2 fang1248:4 kung1260:4 ngun1279:2	0	2	0	4	0	4	0	0	0	0	0	0	2	1	827	90_basket
buuu1246:4 fang1248:2 kosh1246:3 mbuu1238:4 mufu1234:2 mund1340:3 naki1238:2	0	0	4	2	3	0	4	0	2	3	0	2	0	1	831	913_mouth
abar1239:4 biya1235:2 buuu1246:4 miss1255:1 munk1244:4 naki1238:2 ngun1279:4	4	2	4	0	0	0	0	1	0	0	4	2	4	1	836	921_name
buuu1246:4 fang1248:4 kosh1246:3 kung1260:1 mbuu1238:4 mufu1234:2 mund1340:4	0	0	4	4	3	1	4	0	2	4	0	0	0	1	843	939_nose
abar1239:4 biya1235:2 miss1255:2 munk1244:4 ngun1279:3	4	2	0	0	0	0	0	2	0	0	4	0	3	1	848	944_oil
buuu1246:4 kosh1246:2 mufu1234:2 mund1340:4	0	0	4	0	2	0	0	0	2	4	0	0	0	1	849	944_oil
abar1239:4 biya1235:2 buuu1246:3 miss1255:2 munk1244:2 ngun1279:3	4	2	3	0	0	0	0	2	0	0	2	0	3	1	856	958_owl
kung1260:1 mbuu1238:4	0	0	0	0	0	1	4	0	0	0	0	0	0	1	861	958_owl
fang1248:3 ngun1279:1	0	0	0	3	0	0	0	0	0	0	0	0	1	1	857	958_owl
kosh1246:3 kung1260:1 naki1238:2	0	0	0	0	3	1	0	0	0	0	0	2	0	1	859	958_owl
abar1239:3 biya1235:1 kosh1246:2 kung1260:2 miss1255:2 mund1340:4 munk1244:1 ngun1279:2	3	1	0	0	2	2	0	2	0	4	1	0	2	1	863	95_bat
buuu1246:2 mbuu1238:2	0	0	2	0	0	0	2	0	0	0	0	0	0	1	867	95_bat
biya1235:1 buuu1246:2 fang1248:1 kosh1246:1 munk1244:2 naki1238:1 ngun1279:2	0	1	2	1	1	0	0	0	0	0	2	1	2	1	864	95_bat
abar1239:4 biya1235:2 kosh1246:1 mbuu1238:4 miss1255:2 munk1244:2 ngun1279:4	4	2	0	0	1	0	4	2	0	0	2	0	4	1	872	975_palmnut
buuu1246:3 mufu1234:2 mund1340:4	0	0	3	0	0	0	0	0	2	4	0	0	0	1	873	975_palmnut
buuu1246:1 kosh1246:3	0	0	1	0	3	0	0	0	0	0	0	0	0	1	877	975_palmnut
abar1239:4 ngun1279:4	4	0	0	0	0	0	0	0	0	0	0	0	4	1	882	978_palmtree
mbuu1238:4 miss1255:1	0	0	0	0	0	0	4	1	0	0	0	0	0	1	880	978_palmtree
biya1235:2 miss1255:1 munk1244:4	0	2	0	0	0	0	0	1	0	0	4	0	0	1	881	978_palmtree
buuu1246:4 fang1248:4 kosh1246:3 kung1260:4	0	0	4	4	3	4	0	0	0	0	0	0	0	1	885	978_palmtree
abar1239:2 biya1235:1 miss1255:2 munk1244:4 ngun1279:4	2	1	0	0	0	0	0	2	0	0	4	0	4	1	887	980_pap
buuu1246:4 fang1248:2 mbuu1238:4	0	0	4	2	0	0	4	0	0	0	0	0	0	1	890	980_pap
