ID,Name,Concepticon_ID,Concepticon_Gloss
2_adamsapple,Adam's apple,,
3_basketmale,Basket (male),,
4_basketsmall,Basket (small),,
5_beansfromkom,Beans (from Kom),,
6_calabashrattle,Calabash-rattle,,
7_canoetrough,"Canoe, trough",,
8_capnativeblack,Cap (native black),,
9_claypotfathersoup,Clay pot (father soup),,
10_claypotpalacewine,Clay pot (palace-wine),,
12_claypotsoupamulet,"Clay pot (soup, amulet)",,
13_cocoyamigbo,Cocoyam (igbo),,
14_conenutsremoved,Cone (nuts removed),,
15_conepalmnut,Cone (palmnut),,
17_fangannualdance,Fang annual dance,,
18_flatswellingfilaria,Flat swelling (filaria),,
19_furrowbetweenridges,Furrow (between ridges),,
20_i,I,,
21_lizardsmallest,Lizard (smallest),,
22_palmfrondrope,Palm frond rope,,
23_palmnutripeuncracked,"Palmnut (ripe, uncracked)",,
24_pipewinetapping,Pipe (wine tapping),,
25_senegalesekucaltimebird,Senegalese kucal (time bird),,
26_souppestlevegetable,Soup pestle(vegetable),,
27_woodendishleglid,Wooden-dish (leg+lid),,
28_woodendishyellowsoupfeast,"Wooden-dish (yellow soup, feast)",,
30_abstinence,abstinence,,
38_aerialyam,aerial yam,,
39_agedperson,aged person,,
40_air,air,,
44_amaranthusgreen,amaranthus (green),,
45_amuletsforcompound,amulets (for compound),,
49_amuletsinclinedroof,amulets (inclined roof),,
50_animal,animal,,
51_ankle,ankle,,
52_anklerattlemen,ankle rattle (men),,
53_anklerattlewomen,ankle rattle (women),,
55_ant,ant,,
56_antblackbuildsamountonatree,"ant (black, builds a mount on a tree)",,
57_antsblackopenthongs,"ants (black, open thongs)",,
58_anus,anus,,
62_arm,arm,,
63_armpit,armpit,,
67_ascarisstomachworm,ascaris (stomach worm),,
69_ashwood,ash (wood),,
70_ask,ask,,
71_attachedhouse3walls,attached-house (3 walls),,
72_axe,axe,,
73_baboon,baboon,,
74_baby,baby,,
75_backhumanbody,back (human body),,
76_bag,bag,,
78_bamboorattle,bamboo rattle,,
79_bamboopiano,bamboo-piano,,
81_banana,banana,,
82_banananative,banana (native),,
83_bangle,bangle,,
86_barkoftree,bark (of tree),,
88_barrenpalmcone,barren palm cone,,
90_basket,basket,,
92_basketverybigfeast,"basket (very big, feast)",,
93_basketvisit,basket (visit),,
94_basketvisitfeast,"basket (visit, feast)",,
95_bat,bat,,
96_batlargest,bat (largest),,
98_batsmallest,bat (smallest),,
136_beans,beans,,
137_beat,beat,,
139_bed,bed,,
140_bedbug,bedbug,,
141_beetle,beetle,,
142_begn,beg (n),,
144_beggar,beggar,,
146_belch,belch,,
147_bell,bell,,
148_belly,belly,,
149_belt,belt,,
152_bicycle,bicycle,,
154_bighawkcatchesmonkeys,big hawk (catches monkeys),,
155_bigtermitemount,big termite mount,,
156_bigwovendish,big woven dish,,
157_bird,bird,,
158_bite,bite,,
159_bitterleaf,bitter leaf,,
160_black,black,,
161_blackman,black man,,
163_blood,blood,,
166_body,body,,
167_boilabscess,boil (abscess),,
168_boilsmallabscess,boil (small abscess),,
169_bone,bone,,
170_book,book,,
173_bottle,bottle,,
175_box,box,,
176_boxcontainer,box (container),,
177_boxrattlezinc,box rattle (zinc),,
178_brain,brain,,
179_branchoftheroad,branch (of the road),,
181_branchtree,branch (tree),,
184_breast,breast,,
187_breath1,breath 1,,
188_breath2,breath 2,,
189_breathair,"breath, air",,
190_brick,brick,,
192_bridge,bridge,,
194_broom,broom,,
196_buffalobushcow,buffalo (bush cow),,
197_buildbridge,build (bridge),,
198_buildhouse,build (house),,
200_bundlen,bundle (n),,
201_burnintrans1,burn (intrans) 1,,
202_burntrans,burn (trans),,
203_burnunknown,burn (unknown),,
206_bushfarm,bush (farm),,
207_bushinside,bush (inside),,
208_bushowner,bush (owner),,
209_butterfly,butterfly,,
210_buttock,buttock,,
211_buy,buy,,
215_calabash,calabash,,
216_calabashball,calabash (ball),,
219_calabashfortwins,calabash (for twins),,
221_calabashlongneck,calabash (long neck),,
222_calabashlongneckchildtwincalabash,"calabash (long-neck), child, twin calabash",,
223_calabashnohole,calabash (no hole),,
224_calabashnotyetperforated,calabash (not yet perforated),,
225_calabashpeaceplant,calabash (peace plant),,
226_calabashwinecontainer,calabash (wine container),,
227_calabashwineshare,calabash (wine share),,
228_calabashwine,calabash (wine),,
229_calciumcarbonatekangwa,calcium carbonate (kangwa),,
230_calciumcarbonateliquid,calcium carbonate (liquid),,
231_calf,calf,,
232_calfleg,calf (leg),,
233_camwood,camwood,,
234_cane,cane,,
235_canerat,cane rat,,
236_canoe,canoe,,
237_cap,cap,,
238_carpenterbee,carpenter bee,,
246_carvedchairusedbychief,carved chair (used by chief),,
247_casecourtn,case (court) (n),,
248_cassava,cassava,,
250_cat,cat,,
251_catarrh,catarrh,,
252_catchrun,catch (run),,
253_caterpillar,caterpillar,,
254_caterpillarblackstings,"caterpillar (black, stings)",,
255_caterpillarcylindersticks,caterpillar (cylinder sticks),,
256_caterpillaredible,caterpillar (edible),,
257_caterpillarforcrabs,caterpillar (for crabs),,
258_caterpillarredyellowlines,"caterpillar (red, yellow lines)",,
259_caterpillarstings,caterpillar (stings),,
260_caterpillarvariegated,caterpillar (variegated),,
261_ceiling,ceiling,,
262_centipede,centipede,,
264_chair,chair,,
265_chairbamboo,chair (bamboo),,
266_chaircarved,chair (carved),,
267_chairplank,chair (plank),,
268_chameleon,chameleon,,
270_charcoal,charcoal,,
274_chest,chest,,
276_chief,chief,,
277_child,child,,
278_childcalabash,child calabash,,
279_chimpanzee,chimpanzee,,
280_chin,chin,,
281_clapv,clap (v),,
282_clay,clay,,
283_claypot,clay pot,,
284_claypotcookingfufu,clay pot (cooking fufu),,
286_claypotforcookingfufu,clay pot (for cooking fufu),,
287_claypotfufu,clay pot (fufu),,
288_claypotsoup,clay pot (soup),,
289_claypotbig,clay-pot (big),,
290_claypotlegs,clay-pot (legs),,
297_cliff,cliff,,
298_clitoris,clitoris,,
299_clock,clock,,
300_clockbird,clock bird,,
304_cloth,cloth,,
305_clothtree,cloth-tree,,
306_cloud,cloud,,
307_cowife,co-wife,,
308_coarseflourkende,coarse flour (kende),,
309_cobra,cobra,,
310_cobweb,cobweb,,
311_cock,cock,,
312_cockroachhouse,cockroach (house),,
313_cockroachtoilet,cockroach (toilet),,
314_cocoyam,cocoyam,,
315_cocoyameggyolk,cocoyam (egg yolk),,
316_cocoyammakabo,cocoyam (makabo),,
317_cocoyamnative,cocoyam (native),,
318_cocoyamnativered,"cocoyam (native, red)",,
320_cocoyamleafsoup,cocoyam leaf (soup),,
321_coffin,coffin,,
322_cola,cola,,
323_cold,cold,,
324_coldair,cold (air),,
325_coldsolid,cold (solid),,
330_comb,comb,,
331_come,come,,
334_compound,compound,,
336_cook,cook,,
339_cookingspoon,cooking spoon,,
340_corn,corn,,
341_cornbeer,corn beer,,
342_cornflour,corn flour,,
343_cornfufu,corn fufu,,
345_coughn,cough (n),,
346_countv,count (v),,
347_country,country,,
348_cowcattle,"cow, cattle",,
349_cowpeabean,cowpea bean,,
350_cowpealeaf,cowpea leaf,,
351_crab,crab,,
352_crabcastlots,crab (cast lots),,
359_cricket,cricket,,
361_crowdgroup,"crowd, group",,
362_cryn,cry (n),,
363_cryv,cry (v),,
365_cup,cup,,
366_cupsieve,cup sieve,,
371_cutlass,cutlass,,
373_cutlasssmall,cutlass (small),,
374_dance,dance,,
376_dancev,dance (v),,
379_datepalm,date palm,,
380_datepalm,datepalm,,
381_day,day,,
382_death,death,,
385_deitygodgod,"deity, god, God",,
391_devil,devil,,
392_diarrhoea,diarrhoea,,
393_diev,die (v),,
394_dig,dig,,
397_dirts,dirts,,
400_discussion,discussion,,
401_dish,dish,,
402_dishaluminium,dish (aluminium),,
403_dishpan,dish (pan),,
405_dishpotclay,dish/pot (clay),,
412_dog,dog,,
414_door,door,,
415_doorframe,door (frame),,
416_doorlid,door (lid),,
417_doorlidspace,door (lid/space),,
418_doorspace,door (space),,
420_doorwayspace,doorway (space),,
422_dragonfly,dragonfly,,
426_drinkv,drink (v),,
428_drum,drum,,
429_drumbothside,drum (bothside),,
430_dryseason,dry season,,
432_duck,duck,,
433_dust,dust,,
434_dysentry,dysentry,,
435_ear,ear,,
436_earth,earth,,
437_earthworm,earthworm,,
438_eat,eat,,
442_eczema,eczema,,
443_egg,egg,,
444_egussi,egussi,,
445_egussicracked,egussi cracked,,
446_egussipudding,egussi pudding,,
447_egussiuncracked,egussi uncracked,,
448_eight8,eight (8),,
450_eighteen18,eighteen (18),,
451_eighty80,eighty (80),,
452_elbow,elbow,,
453_elderbirth,elder (birth),,
454_elderculturalinitiationrites,elder (cultural initiation rites),,
455_eldersdance,elders dance,,
456_electricfish,electric fish,,
457_elephant,elephant,,
458_elephantstalk,elephant stalk,,
459_eleven11,eleven (11),,
461_emptypalmcone,empty palm cone,,
469_evilsocietynyogo,evil society (nyoŋgo),,
474_eye,eye,,
475_face,face,,
477_faeces,faeces,,
478_faeceslittle,faeces (little),,
479_fall,fall,,
483_family,family,,
484_farm,farm,,
485_farmhousecornstorage,farm house (corn storage),,
487_father,father,,
488_fatherinlaw,father-in-law,,
489_faxstick,fax-stick,,
490_faxedpillar,faxed pillar,,
491_fearn,fear (n),,
493_feather,feather,,
497_female,female,,
498_femalelizardbrown,female lizard (brown),,
499_femaleyouthdance,female youth dance,,
500_fence,fence,,
501_fenceopenfarm,"fence (open, farm)",,
503_fencesealedpalace,"fence (sealed, - palace)",,
507_fibrepalmrope,fibre - palm (rope),,
508_fifteen15,fifteen (15),,
509_fifty50,fifty (50),,
510_fightn,fight (n),,
511_fightv,fight (v),,
515_finger,finger,,
516_fingerabscesswicklow,finger abscess (wicklow),,
517_fingernail,fingernail,,
519_fire,fire,,
521_firegun,"fire, gun",,
522_fireside,fireside,,
523_firesidestone,fireside stone,,
524_firesidestonepotsupportstones,fireside stone (pot support stones),,
525_firesidestonesupport,fireside stone support,,
526_firewood,firewood,,
527_fish,fish,,
528_fishnoserashes,fish (nose rashes),,
529_fist,fist,,
530_five5,five (5),,
533_flatlongstones,flat-long-stones,,
537_flute,flute,,
538_flutehorizontal,flute (horizontal),,
539_flutevertical,flute (vertical),,
540_flutedance,flute dance,,
541_flybird,fly (bird),,
542_flylargerthannormalfly,fly (larger than normal fly),,
543_foam,foam,,
547_food,food,,
548_foot,foot,,
549_forehead,forehead,,
550_forest,forest,,
552_four4,four (4),,
554_fourteen14,fourteen (14),,
555_fourty40,fourty (40),,
556_fowl,fowl,,
557_friend,friend,,
558_friendfemale,friend (female),,
559_friendmale,friend (male),,
561_frogedible,frog (edible),,
562_frogsmoothback,frog (smooth back),,
563_frogvariegated,frog (variegated),,
564_frontdoor,front-door,,
565_fruit,fruit,,
566_fruitfly,fruit fly,,
569_fufudish,fufu dish,,
570_fungipimple,fungi pimple,,
571_funnel,funnel,,
572_gallbladder,gall bladder,,
573_garbagepit,garbage pit,,
574_gardenegg,garden egg,,
575_garri,garri,,
577_gauze,gauze,,
578_gauzedryingmeat,gauze (drying meat),,
579_gecko,gecko,,
583_giveoffer,give; offer,,
584_gizzardfowl,gizzard (fowl),,
586_go,go,,
590_goat,goat,,
591_goitre,goitre,,
592_gong,gong,,
593_gossipn,gossip (n),,
594_grass,grass,,
595_grasshouse,grass-house,,
596_grasshopper,grasshopper,,
597_grasshopperfattest,grasshopper (fattest),,
598_grasshoppermongwin,grasshopper (mongwin),,
599_grave,grave,,
601_graveyard,graveyard,,
602_greensnake,green snake,,
606_grindingstone,grinding stone,,
608_groundsoil,ground (soil),,
609_groundnut,groundnut,,
610_groundnutbasket,groundnut basket,,
611_groundnutpudding,groundnut pudding,,
612_groupcow,group (cow),,
613_grow,grow,,
614_guard,guard,,
616_guidev,guide (v),,
617_guitar,guitar,,
618_gun,gun,,
620_hailstone,hailstone,,
621_hair,hair,,
622_half,half,,
623_hand,hand,,
626_handrattlecane,hand rattle (cane),,
627_handpiano,hand-piano,,
628_handle,handle,,
629_handleknifearm,"handle(knife), arm",,
634_hangedceiling,hanged ceiling,,
641_hatredn,hatred (n),,
645_hawk,hawk,,
646_hegoat,he-goat,,
647_heshe,he/she,,
648_head,head,,
649_headache,headache,,
650_headpad,headpad,,
654_heart,heart,,
655_heatfufu,heat (fufu),,
656_heaven,heaven,,
657_heelbackfoot,heel (backfoot),,
660_hieniaswellingsaroundgroin,hienia (swellings around groin),,
661_hill,hill,,
662_hillgrass,hill grass,,
667_hoe,hoe,,
669_hole,hole,,
670_honeybee,honey bee,,
671_honeyjuice,honey juice,,
672_hornhead,horn (head),,
673_horntrumpet,horn trumpet,,
674_horntrumpetcow,horn trumpet (cow),,
676_horse,horse,,
677_hot,hot,,
678_hotheatair,"hot, heat (air)",,
679_hotheatsolid,"hot, heat (solid)",,
680_hour,hour,,
681_house,house,,
682_housefly,house fly,,
683_huckleberrynjamanjama,huckleberry (njamanjama),,
686_hunger,hunger,,
687_hungern,hunger (n),,
689_huntn,hunt (n),,
690_huntv,hunt (v),,
691_hunter,hunter,,
693_husband,husband,,
694_hut,hut,,
695_hutkoa,hut (k. o (a)),,
696_hutkob,hut (k. o (b)),,
703_indianbamboo,indian bamboo,,
704_indianbamboo,indian-bamboo,,
709_injunctionorder,injunction order,,
712_innerpalmnutscone,inner palm nuts (cone),,
713_intestine,intestine,,
715_iron,iron,,
716_irontrap,iron trap,,
718_itchingcatarrh,itching catarrh,,
719_jaw,jaw,,
721_jealousman,jealous man,,
722_jealousy,jealousy,,
725_jigger,jigger,,
726_joinpeople,join (people),,
729_joint,joint,,
732_juju,juju,,
733_jujuhouse,juju house,,
734_jump,jump,,
735_koantyellow,k. o ant (yellow),,
736_kocricket,k. o cricket,,
738_koant,k.o ant,,
739_kobaghanged,k.o bag (hanged),,
740_kobat,k.o bat,,
741_kobee,k.o bee,,
742_kocalabash,k.o calabash,,
743_kocalabashballlike,k.o calabash (ball like),,
744_kocap,k.o cap,,
745_kocaterpillar,k.o caterpillar,,
746_kococoyam,k.o cocoyam,,
747_kococoyama,k.o cocoyam (a),,
748_kococoyamb,k.o cocoyam (b),,
750_kodragonfly,k.o dragonfly,,
751_kofemaledancefemaleritesociety,"k.o female dance, female rite society",,
752_kofish,k.o fish,,
753_kofishwhite,k.o fish (white),,
754_koflyslowpainfulbite,"k.o fly (slow, painful bite)",,
756_koflysmartbitesucks,"k.o fly (smart, bite, sucks)",,
758_koflysuckscompound,"k.o fly (sucks, compound)",,
760_kofruit,k.o fruit,,
762_komushroombrown,k.o mushroom (brown),,
763_komushroomsmall,k.o mushroom (small),,
766_komushroomwhiteflatlikefufu,"k.o mushroom (white, flat like fufu)",,
768_komushroomwhitish,k.o mushroom (whitish),,
769_komushroomyellowish,k.o mushroom (yellowish),,
770_korat,k.o rat,,
771_korope,k.o rope,,
772_koropebangle,k.o rope (bangle),,
773_kosnakemboma,k.o snake (mboma),,
774_kosong,k.o song,,
775_kospearfins,k.o spear (fins),,
776_kospearlargehead,k.o spear (large head),,
777_kospearsharphead,k.o spear (sharp head),,
778_kotrap,k.o trap,,
779_kotrapadughole,k.o trap (a dug hole),,
781_kotrapnecktrap,k.o trap (neck trap),,
782_kotraprope,k.o trap(rope),,
783_kotree,k.o tree,,
784_kotreebomafruitchildrenspin,"k.o tree (boma) (fruit, children spin)",,
785_kotreeboundarytree,k.o tree (boundary tree),,
786_kotreebrownedibleleaves,k.o tree (brown edible leaves),,
787_kotreecamwoodtree,k.o tree (camwood tree),,
788_kotreecaterpillarsforcrabs,k.o tree (caterpillars for crabs),,
789_kotreeleaf,k.o tree (leaf),,
790_kotreespoonfruit,k.o tree (spoon-fruit),,
791_kodance,k.o. dance,,
792_kernel,kernel,,
793_kerneluncracked,kernel (uncracked),,
794_kernelchaff,kernel chaff,,
795_kerneloil,kernel oil,,
796_kernelshellbark,kernel shell (bark),,
798_kill,kill,,
799_kingfisher,kingfisher,,
800_kite,kite,,
801_knee,knee,,
803_knife,knife,,
805_knittingpin,knitting pin,,
809_knowledge,knowledge,,
810_knuckle,knuckle,,
813_ladder,ladder,,
814_lake,lake,,
815_land,land,,
816_laughn,laugh (n),,
817_laughv,laugh (v),,
818_laughter,laughter,,
819_lawn,law (n),,
820_laziness,laziness,,
821_lazyman,lazy man,,
822_leaf,leaf,,
826_leg,leg,,
827_leopard,leopard,,
828_leprosy,leprosy,,
829_letter,letter,,
831_lice,lice,,
833_lie,lie,,
834_liedeceivev,lie (deceive) (v),,
835_lienfalsen,"lie (n), false (n)",,
838_light,light,,
843_linen,line (n),,
844_lion,lion,,
846_littlehandbag,little hand bag,,
848_liver,liver,,
849_lizard,lizard,,
850_lizardsmoothskin,lizard (smooth skin),,
853_lockv,lock (v),,
854_locust,locust,,
855_longdrum,long drum,,
857_longmouthrat,long mouth rat,,
858_longneckcalabash,long neck calabash,,
861_lowergrindingstone,lower grinding stone,,
862_lowergrindingstonepepper,lower-grinding-stone(pepper),,
863_lowerpepperstone,lower-pepper-stone,,
864_lungs,lungs,,
865_maggot,maggot,,
867_male,male,,
868_malelizardredhead,male lizard (red head),,
869_maleyouthdance,male youth dance,,
870_man,man,,
873_market,market,,
874_marrow,marrow,,
875_marrowbone,marrow (bone),,
876_marrowbrain,marrow (brain),,
877_matbamboosplint,mat (bamboo splint),,
878_matrhizomplant,mat (rhizom plant),,
879_matsoftplanttissue,mat (soft plant  tissue),,
880_mbangasoup,mbanga soup,,
881_mbangasoupfish,mbanga soup fish,,
884_measurement,measurement,,
885_meat,meat,,
886_meatmat,meat mat,,
887_meatslate,meat slate,,
888_meatgauze,meat-gauze,,
889_medicine,medicine,,
892_messenger,messenger,,
893_milk,milk,,
894_millipede,millipede,,
898_mistfog,"mist, fog",,
902_money,money,,
903_monkey,monkey,,
904_month,month,,
905_moon,moon,,
906_mortar,mortar,,
907_mosquito,mosquito,,
908_mossplant,moss plant,,
909_mother,mother,,
910_motherinlaw,mother-in-law,,
912_mountain,mountain,,
913_mouth,mouth,,
914_mud,mud,,
915_mudfish,mudfish,,
917_mumps,mumps,,
918_mushroom,mushroom,,
919_musicalpipe,musical pipe,,
920_nail,nail,,
921_name,name,,
923_nativecup,native cup,,
924_nativemaggispice,native maggi spice,,
925_nativepantmen,native pant (men),,
927_nativeumbrella,native umbrella,,
928_navel,navel,,
929_neck,neck,,
932_necklacewomen,necklace (women),,
933_needle,needle,,
934_net,net,,
935_nine9,nine (9),,
936_nineteen19,nineteen (19),,
937_ninety90,ninety (90),,
939_nose,nose,,
940_nostril,nostril,,
941_oathn,oath (n),,
943_odourn,odour (n),,
944_oil,oil,,
945_oilchaff,oil chaff,,
946_oilchaffsieve,oil chaff sieve,,
947_oilmill,oil mill,,
949_one1,one (1),,
950_onehundred100,one hundred (100),,
952_onethousand1000,one thousand (1000),,
953_open,open,,
954_openpot,open (pot),,
956_orange,orange,,
957_outerpalmnuts,outer palm nuts,,
958_owl,owl,,
959_painn,pain (n),,
960_palace,palace,,
961_palmhand,palm (hand),,
962_palmbamboo,palm bamboo,,
963_palmbarrenfruit,palm barren fruit,,
964_palmbeetle,palm beetle,,
965_palmbeetlefromdeadpalm,palm beetle (from dead palm),,
966_palmbroom,palm broom,,
967_palmcone,palm cone,,
968_palmconeempty,palm cone (empty),,
969_palmcotton,palm cotton,,
970_palmflower,palm flower,,
971_palmfrond,palm frond,,
972_palmgrub,palm grub,,
973_palmmaggotgrub,palm maggot (grub),,
974_palmmargotyellowdestroysyoungpalms,"palm margot (yellow, destroys young palms)",,
975_palmnut,palm nut,,
976_palmoil,palm oil,,
977_palmthorns,palm thorns,,
978_palmtree,palm tree,,
979_palmnutscracked,palmnuts(cracked),,
980_pap,pap,,
981_papspoon,pap spoon,,
983_partridgenonredlegs,partridge (non red legs),,
984_partridgeredlegs,partridge (red legs),,
986_patchesdotted,"patches, dotted",,
988_pawpaw,pawpaw,,
991_peaceplant,peace plant,,
993_pear,pear,,
998_pen,pen,,
999_penis,penis,,
1000_pepper,pepper,,
1001_pepperstone,pepper stone,,
1003_person,person,,
1005_pestle,pestle,,
1006_pestlecocoyam,pestle (cocoyam),,
1007_pestleforfufu,pestle (for fufu),,
1008_pestlefufu,pestle (fufu),,
1009_pestlepalmnut,pestle (palm nut),,
1011_pianobamboo,piano (bamboo),,
1012_pianostring,piano (string),,
1017_pig,pig,,
1018_pillar,pillar,,
1019_pillarinhousesupportceiling,pillar (in-house support ceiling),,
1020_pimple,pimple,,
1022_pineapple,pineapple,,
1023_pipe,pipe,,
1024_place,place,,
1025_placenta,placenta,,
1027_plantain,plantain,,
1032_plantingbasket,planting basket,,
1033_plantingbasketwaist,planting basket (waist),,
1043_poison,poison,,
1044_pot,pot,,
1045_potsizingstone,pot-sizing stone,,
1046_potato,potato,,
1049_powern,power (n),,
1052_prayingmantis,praying mantis,,
1053_pregnancy,pregnancy,,
1056_pricen,price (n),,
1057_prince,prince,,
1061_pumpkinfruit,pumpkin fruit,,
1062_pumpkinleaf,pumpkin leaf,,
1063_pus,pus,,
1071_quarreln,quarrel (n),,
1073_quarter,quarter,,
1074_quarterhead,quarter head,,
1075_raffia,raffia,,
1076_raffiabamboo,raffia bamboo,,
1077_raffiafibre,raffia fibre,,
1078_raffiafruit,raffia fruit,,
1079_rain,rain,,
1080_rainbow,rainbow,,
1081_rainyseason,rainy season,,
1084_ram,ram,,
1086_rat,rat,,
1087_ratbush,rat (bush),,
1088_ratsizenexttoratmole,rat (size next to rat mole),,
1089_ratsmallest,rat (smallest),,
1090_ratyellowabdomen,rat (yellow abdomen),,
1091_ratmole,rat mole,,
1092_razorblade,razor blade,,
1095_red,red,,
1096_redfeatherbirdfeatheroncaps,red feather bird (feather on caps),,
1108_response,response,,
1110_rhizomefruithilllilly,rhizome fruit (hill lilly),,
1111_rhizomefruitvalleylilly,rhizome fruit (valley lilly),,
1112_rib,rib,,
1114_rice,rice,,
1116_ridgebedfarm,ridge (bed-farm),,
1117_ridgefarm,ridge (farm),,
1118_ring,ring,,
1119_ringhandear,"ring (hand, ear)",,
1121_ringworm,ringworm,,
1122_river,river,,
1123_road,road,,
1124_roadjunction,road junction,,
1125_roast,roast,,
1126_roastcorn,roast (corn),,
1128_robe,robe,,
1129_rock,rock,,
1132_roof,roof,,
1134_root,root,,
1136_rope,rope,,
1138_ropeko,rope (k.o),,
1139_ropepalmclimbing,rope (palm climbing),,
1145_run,run,,
1146_sacreddance,sacred dance,,
1148_salt,salt,,
1149_saltcalabash,salt calabash,,
1150_sand,sand,,
1151_sandpapertree,sand-paper tree,,
1152_saucercalabash,saucer (calabash),,
1154_scabies,scabies,,
1155_scar,scar,,
1161_scorpion,scorpion,,
1165_screechowl,screech owl,,
1167_seed,seed,,
1168_seedlingplantingseeds,seedling (planting seeds),,
1173_sell,sell,,
1176_seven7,seven (7),,
1177_seventeen17,seventeen (17),,
1178_seventy70,seventy (70),,
1185_shavescissors,shave (scissors),,
1186_shaveheadrazor,shave head(razor),,
1187_shavingknife,shaving knife,,
1188_sheath,sheath,,
1189_sheep,sheep,,
1190_shellsnail,shell (snail),,
1192_shin,shin,,
1198_shoe,shoe,,
1200_shortdrum,short drum,,
1201_shoulder,shoulder,,
1204_sickness,sickness,,
1205_sidepainrapidheartbeatundertheleftbreast,side pain (rapid heart beat under the left breast),,
1206_sieve,sieve,,
1211_six6,six (6),,
1212_sixteen16,sixteen (16),,
1213_sixty60,sixty (60),,
1214_skeleton,skeleton,,
1215_skin,skin,,
1216_skinraschescausebyheat,skin rasches (cause by heat),,
1217_skinrashesbaby,skin rashes (baby),,
1218_skull,skull,,
1219_sky,sky,,
1220_skyheaven,"sky, heaven",,
1221_slave,slave,,
1222_sleep,sleep,,
1224_slimysoup,slimy soup,,
1225_slimysoupchaff,slimy soup chaff,,
1226_slimysoupdish,slimy soup dish,,
1227_slimysoupdishclaypot,slimy soup dish (clay pot),,
1229_smalldrum,small drum,,
1230_smallgrindingstone,small grinding stone,,
1231_smallhandbagforfemaledance,small hand bag for female (dance),,
1232_smallhandbagformaledance,small hand bag for male (dance),,
1233_smallnoisemakinggrasshopper,small noise making grasshopper,,
1234_smallwovendish,small woven dish,,
1238_smoke,smoke,,
1239_snail,snail,,
1240_snake,snake,,
1241_snakeblack,snake (black),,
1242_snakedottedmboma,snake (dotted mboma),,
1243_snakewhitesmallest,"snake (white, smallest)",,
1244_sneeze,sneeze,,
1245_snore,snore,,
1247_soap,soap,,
1248_soilbeetleedible,soil beetle (edible),,
1249_soldierant,soldier ant,,
1250_soleunderfoot,sole (underfoot),,
1252_song,song,,
1253_songbirdafterrain,song bird (after rain),,
1254_songbirdearlymorning,song bird (early morning,,
1255_soot,soot,,
1256_soup,soup,,
1257_soupliquid,soup (liquid),,
1258_soupvegetable,soup (vegetable),,
1259_soupdish,soup dish,,
1260_souppotclaymade,soup-pot (clay-made),,
1262_spear,spear,,
1263_speargrass,spear grass,,
1265_sperm,sperm,,
1266_spider,spider,,
1267_spinv,spin (v),,
1268_spinebackbone,spine (backbone),,
1269_spirit,spirit,,
1270_spit,spit,,
1271_spleensidebellypain,spleen (side belly pain),,
1274_spoon,spoon,,
1275_spooncalabash,spoon (calabash),,
1276_spoonvegetables,spoon (vegetables),,
1278_spring,spring,,
1285_staffstickwalksupport,staff (stick walk support),,
1286_staffwalksupport,staff (walk support),,
1290_star,star,,
1293_stem,stem,,
1294_stick,stick,,
1295_stick1,stick1,,
1296_stick2,stick2,,
1298_stinginessn,stinginess (n),,
1299_stinginessselfishness,"stinginess, selfishness",,
1301_stingyman,stingy man,,
1305_stirringspoonvegetables,stirring spoon (vegetables),,
1306_stomach,stomach,,
1307_stone,stone,,
1308_stonetrap,stone trap,,
1311_stormwind,storm (wind),,
1312_story,story,,
1313_stream,stream,,
1316_strippedrat,stripped rat,,
1318_subchief,sub chief,,
1322_suffern,suffer (n),,
1323_sugarcane,sugar cane,,
1324_summonv,summon  (v),,
1325_sun,sun,,
1327_swallowfood,swallow (food),,
1328_swallowbird,swallow bird,,
1329_swamp,swamp,,
1330_swearn,swear (n),,
1332_sweat,sweat,,
1334_swelln,swell (n),,
1336_swellingwithnopus,swelling (with no pus),,
1339_tadpolefrogfish,tad-pole (frog/fish),,
1340_tadpole,tadpole,,
1341_take,take,,
1345_talkingdrum,talking drum,,
1347_tappingpipe,tapping -pipe,,
1348_tappinghoe,tapping hoe,,
1349_tappingknife,tapping knife,,
1350_tappingpipe,tapping pipe,,
1351_tappingpiperaffiapalmwine,tapping pipe (raffia/palm wine),,
1352_tappingpipe,tapping-pipe,,
1353_tarantula,tarantula,,
1355_tatoo,tatoo,,
1359_tears,tears,,
1360_teeth,teeth,,
1364_ten10,ten (10),,
1367_termite,termite,,
1368_termitemount,termite mount,,
1370_testicle,testicle,,
1371_thankn,thank (n),,
1373_thatchgrass,thatch grass,,
1374_they,they,,
1375_thief,thief,,
1376_thighlap,thigh (lap),,
1377_thing,thing,,
1378_think,think,,
1379_thirteen13,thirteen (13),,
1380_thirty30,thirty (30),,
1381_thongs,thongs,,
1382_three3,three (3),,
1384_throat,throat,,
1386_thumb,thumb,,
1387_tiebag,tie (bag),,
1390_tiger,tiger,,
1396_toadroughback,toad (rough back),,
1397_tobacco,tobacco,,
1398_tobaccoleaf,tobacco leaf,,
1399_tobaccopipe,tobacco pipe,,
1400_tobaccopowder,tobacco powder,,
1401_toe,toe,,
1403_toilet,toilet,,
1404_tongue,tongue,,
1405_tooth,tooth,,
1409_trap,trap,,
1410_trap2,trap (2),,
1411_trapinclinedstone,trap (inclined stone),,
1412_trappartridge,trap (partridge),,
1413_trapropebone,trap (rope-bone),,
1415_tray,tray,,
1416_tree,tree,,
1417_treebeans,tree beans,,
1418_troublen,trouble (n),,
1419_troughcocoyamcow,"trough, (cocoyam, cow)",,
1420_trumpet,trumpet,,
1421_tunic,tunic,,
1423_twelve12,twelve (12),,
1424_twenty20,twenty (20),,
1427_twentyfour24,twenty four (24),,
1429_twentyone21,twenty one (21),,
1433_twentythree23,twenty three (23),,
1434_twentytwo22,twenty two (22),,
1435_twin,twin,,
1436_twincalabash,twin calabash,,
1437_twine,twine,,
1439_twineweavedropelap,twine (weaved-rope)(lap),,
1440_twinewovenfibre,twine (woven fibre),,
1441_twineweavedhand,twine weaved (hand),,
1443_two2,two (2),,
1444_twoheadsnakehuman,two head snake (human),,
1445_twohundred200,two hundred (200),,
1447_twothousand2000,two thousand (2000),,
1448_tyrecar,tyre (car),,
1450_umbilicalcord,umbilical cord,,
1451_umbrella,umbrella,,
1453_umbrellanonnative,umbrella (non-native),,
1454_uncle,uncle,,
1456_uppergrindingstone,upper grinding stone,,
1458_uppergrindingstonepepper,upper-grinding-stone(pepper),,
1459_upperpepperstone,upper-pepper-stone,,
1460_upperwallshelfinsidethehouse,upper-wall-shelf (inside the house),,
1463_urine,urine,,
1464_vagina,vagina,,
1465_valley,valley,,
1466_vegetablespoon,vegetable spoon,,
1467_vein,vein,,
1469_village,village,,
1470_viper,viper,,
1471_vomit,vomit,,
1472_vomitmatter,vomit matter,,
1473_waist,waist,,
1474_waistbeads,waist beads,,
1475_waistbead,waist-bead,,
1478_walk,walk,,
1479_walkingstaff,walking-staff,,
1480_wallhouse,wall (house),,
1481_wallshelf,wall shelf,,
1484_war,war,,
1485_warm,warm,,
1486_waspbrown,wasp (brown),,
1487_waspbush,wasp (bush),,
1488_wasphouseblack,"wasp (house, black)",,
1489_watch,watch,,
1490_water,water,,
1491_waterduck,water duck,,
1492_waxincense,wax (incense),,
1493_waxnativeincense,wax (native-incense),,
1494_weinc,we (inc),,
1495_wear,wear,,
1496_weavedrope,weaved rope,,
1497_weaverbird,weaver bird,,
1498_weedv,weed (v),,
1499_week,week,,
1502_white,white,,
1503_whiteman,white man,,
1504_whiteneckhawk,white neck hawk,,
1505_wickedheartn,wicked heart (n),,
1506_wickedman,wicked man,,
1507_wickedness,wickedness,,
1508_wicklow,wicklow,,
1509_wife,wife,,
1510_wind,wind,,
1511_winepalmraffia,"wine (palm, raffia)",,
1512_wineredant,wine red ant,,
1513_winglesstermite,wingless termite,,
1514_witch,witch,,
1515_witchman,witch man,,
1516_woman,woman,,
1517_womenclothleaves,women cloth (leaves),,
1520_woodpecker,wood pecker,,
1521_woodendish,wooden dish,,
1522_woodendishleg,wooden dish (leg),,
1523_woodenspoon,wooden spoon,,
1524_woodendishyellowsoupfeastbitterleaf,"wooden-dish (yellow soup, feast bitter-leaf)",,
1526_workn,work (n),,
1528_world,world,,
1530_wound,wound,,
1531_wovenbowl,woven bowl,,
1532_wovendish,woven dish,,
1534_wovendishwithalid,woven dish (with a lid),,
1535_wovendishflatforsievingcornflour,woven-dish (flat for sieving corn flour),,
1536_wovendishforcornfufu,woven-dish (for corn-fufu),,
1537_woventray,woven-tray,,
1539_wrist,wrist,,
1541_xylophone,xylophone,,
1542_yam,yam,,
1543_yard,yard,,
1545_year,year,,
1546_yellowsoup,yellow soup,,
1547_youpl,you (pl),,
1548_yousg,you (sg),,
1549_youngcock,young cock,,
1550_younghen,young hen,,
1551_youngpalmtree,young palm tree,,
1552_zinc,zinc,,
1553_zinchouse,zinc-house,,
1554_nkohleaf,ʻNkohʼ leaf,,
1555_nkohtree,ʻNkohʼ tree,,
1557_malaria,malaria,,
1558_vehiclecar,"vehicle, car",,
1559_elderpalace,elder (palace),,
1550_metalanklerattles,metal ankle rattles,,
1565_time,time,,
1566_traditionalregalia,traditional regalia,,
